code,name,name_eng,price,shares_common,mcap_common,mcap_total,corp_code,induty_code,fiscal_month,fs_div,currency,fin_rule,net_income_parent,equity_parent,net_income_parent_prior,equity_parent_prior,dps_common,eps_reported,payout_reported_pct,valueup_plan,valueup_first_plan_date,valueup_first_preview_date,valueup_filings,is_financial,pb,roe,roe_prior,roe_jump_pp,div_yield,payout,log_pb,sector_raw,sector,justified_pb,pb_vs_justified
105560,KB금융,KB Financial Group Inc.,173200,354687734,61431915528800,61431915528800,688996,64992,12,CFS,KRW,standard,5833162000000.0,59048211000000.0,5078221000000.0,57888952000000.0,4367.0,15410.0,27.0,True,20241024.0,20240527.0,4,True,1.0403687849035765,0.09878643063377483,0.08772349169492652,1.1062938938848312,0.025213625866050807,0.28338741077222585,0.03957525116607557,Holding Companies,Holding Companies,1.1011281652817477,-0.055179208282829295
032830,삼성생명,"Samsung Life Insurance co., Ltd",294500,200000000,58900000000000,58900000000000,126256,65110,12,CFS,KRW,standard,2302837000000.0,62724296000000.0,2106839000000.0,36097438000000.0,5300.0,12824.0,41.3,True,20260319.0,,1,True,0.9390300689863462,0.03671363645117675,0.058365333295953024,-2.1651696844776276,0.01799660441426146,0.41328758577666874,-0.06290777793690215,Other,Other,0.23359169456752715,3.0199634268884052
086790,하나금융지주,Hana Financial Group Inc.,133100,270969910,36066095021000,36066095021000,547583,64992,12,CFS,KRW,standard,4002882000000.0,44579957000000.0,3738849000000.0,42701020000000.0,4105.0,13954.0,28.0,True,20241029.0,20240814.0,5,True,0.8090204084539606,0.08979106911206756,0.08755877494261262,0.22322941694549459,0.030841472577009768,0.29418088003439874,-0.21193113547550532,Holding Companies,Holding Companies,0.9754079638617157,-0.17058252707822263
000810,삼성화재,"SAMSUNG FIRE & MARINE INSURANCE CO.,LTD",648000,44647473,28931562504000,30152412624000,139214,65121,12,CFS,KRW,standard,2018286152118.0,21257792584430.0,2073571536369.0,15567056119567.0,19500.0,47478.0,41.1,True,20250131.0,,2,True,1.4184169171960381,0.09494335520030749,0.13320254776769422,-3.8259192567386733,0.03009259259259259,0.4107165423985846,0.34954140266389716,Other,Other,1.0474169034939955,0.3542047225555105
316140,우리금융지주,Woori Financial Group Inc.,35350,736786557,26045404789950,26045404789950,1350869,64992,12,CFS,KRW,standard,3124346000000.0,36017339000000.0,3085995000000.0,34096836000000.0,1360.0,4052.0,31.96,True,20240725.0,20240624.0,5,True,0.7231351763646393,0.08674560883023591,0.0905067848524127,-0.3761176022176793,0.03847241867043847,0.33563672260612043,-0.32415910837312745,Holding Companies,Holding Companies,0.9328442626558618,-0.2248061061062525
138040,메리츠금융지주,MERITZ FINANCIAL GROUP INC.,125600,167347273,21018817488800,21018817488800,860332,64992,12,CFS,KRW,standard,2300359733517.0,10322630113710.0,2306096480027.0,10094442922761.0,0.0,12903.0,0.0,True,20240704.0,,10,True,2.0361881862727853,0.22284628124587913,0.22845207979007956,-0.560579854420043,0.0,0.0,0.7110795238240073,Holding Companies,Holding Companies,2.8350028260672158,-0.2817685514982591
006800,미래에셋증권,"MIRAE ASSET SECURITIES CO.,LTD.",32250,543021051,17512428894750,19042363413170,111722,66121,12,CFS,KRW,standard,1569530000000.0,13303614000000.0,921609000000.0,12100353000000.0,300.0,2680.0,11.1,True,20240822.0,,2,True,1.4313677030294174,0.11797771643103896,0.076163811088817,4.1813905342221975,0.009302325581395349,0.11194029850746269,0.3586304228635438,Other,Other,1.3693477704770622,0.04529158617664253
024110,기업은행,INDUSTRIAL BANK OF KOREA,20400,797425869,16267487727600,16267487727600,149646,64121,12,CFS,KRW,standard,2711103000000.0,36454735000000.0,2644524000000.0,33946719000000.0,1048.0,3183.0,30.83,True,20241205.0,20240930.0,2,True,0.4462379915146825,0.07436902229573196,0.07790219726389463,-0.3533174968162675,0.05137254901960785,0.3292491360351869,-0.8069028560213821,Other,Other,0.7598676737488519,-0.4127424985548588
005830,DB손해보험,"DB INSURANCE CO.,LTD",184600,65500349,12091364425400,12091364425400,159102,65121,12,CFS,KRW,standard,1788026000000.0,10880841000000.0,1851594000000.0,9296647000000.0,7600.0,29597.0,25.7,True,20250228.0,,3,True,1.1112527446545721,0.16432792281405453,0.19916793656895868,-3.484001375490414,0.041170097508125676,0.2567827820387201,0.10548797772330701,Other,Other,2.017143555923917,-0.4490958556761805
071050,한국금융지주,"Korea Investment Holdings Co., Ltd",186400,55725992,10387324908800,11242043729700,432102,64992,12,CFS,KRW,standard,2020435000000.0,12010273000000.0,1039738000000.0,9650757000000.0,8690.0,34592.0,25.1,True,20250526.0,,3,True,0.9360356529531011,0.1682255682281327,0.10773641901873604,6.048914920939666,0.046620171673819745,0.2512141535615171,-0.06610171246811951,Holding Companies,Holding Companies,2.071617494001813,-0.5481619287038701
005940,NH투자증권,"NH INVESTMENT & SECURITIES CO.,LTD. ",26000,369206105,9599358730000,10033390994000,120182,66121,12,CFS,KRW,standard,1031599000000.0,9433337000000.0,686659000000.0,8114380000000.0,1300.0,2882.0,47.29,True,20241219.0,20240830.0,3,True,1.0636099393035572,0.10935674194614271,0.08462248502042054,2.4734256925722176,0.05,0.45107564191533656,0.06166872530691974,Other,Other,1.2488600451018614,-0.14833536113583856
323410,카카오뱅크,KakaoBank Corp.,19920,477120437,9504239105040,9504239105040,1133217,64121,12,OFS,KRW,OFS totals,480280000000.0,6749866000000.0,440065000000.0,6540131000000.0,460.0,1008.0,45.64,True,20241126.0,20240807.0,4,True,1.40806337563442,0.07115400513136112,0.06728687850442139,0.3867126626939735,0.023092369477911646,0.45634920634920634,0.34221526782687284,Other,Other,0.7149342261605388,0.9695005835659052
016360,삼성증권,"SAMSUNG SECURITIES CO.,LTD",91100,89300000,8135230000000,8135230000000,104856,66121,12,CFS,KRW,standard,1007226734146.0,8068055959870.0,899037889864.0,7324213114450.0,4000.0,11279.0,35.46,True,20260320.0,,1,True,1.008325926402112,0.12484131730814486,0.12274873434393666,0.2092582964208209,0.043907793633369926,0.35464136891568404,0.008291457070801513,Other,Other,1.465274241320303,-0.31185173534918087
039490,키움증권,"KIWOOM Securities Co.,Ltd.",266000,26228316,6976732056000,6976732056000,296290,66121,12,CFS,KRW,standard,1113586445154.0,6704409812790.0,835047385103.0,5587733020894.0,11500.0,44379.0,27.05,True,20240528.0,,4,True,1.0406183766825368,0.16609760981937763,0.14944296407515154,1.6654645744226093,0.043233082706766915,0.2591315712386489,0.03981512941690227,Other,Other,2.0418769039080686,-0.4903618456671722
175330,JB금융지주,"JB FINANCIAL GROUP CO.,LTD",30150,186521824,5623632993600,5623632993600,980122,64992,12,CFS,KRW,standard,710386000000.0,5914615000000.0,677517000000.0,5580578000000.0,1140.0,3619.0,30.0,True,20240924.0,20240826.0,5,True,0.9508028829602603,0.12010688776868825,0.1214062414323391,-0.12993536636508457,0.03781094527363184,0.31500414479137884,-0.050448511359066736,Holding Companies,Holding Companies,1.399105312603754,-0.3204207900613263
377300,카카오페이,kakaopay Corp.,40650,135300622,5499970284300,5499970284300,1244601,66199,12,CFS,KRW,standard,45239190490.0,1900416647054.0,-13717997285.0,1861202678487.0,0.0,335.0,0.0,False,,,0,True,2.894086564031092,0.023804880135168873,-0.007370501581349307,3.117538171651818,0.0,0.0,1.062669539313814,Other,Other,0.0531774399303655,53.423202166573354
029780,삼성카드,"SAMSUNG CARD CO.,LTD",42450,115858891,4918209922950,4918209922950,126292,64913,12,CFS,KRW,"no NCI, NI = total NI",645923000000.0,8863284000000.0,664593000000.0,8486181000000.0,2800.0,6053.0,46.3,True,20260319.0,,1,True,0.5548970249571152,0.07287626121424068,0.07831473309372025,-0.5438471879479573,0.06595995288574794,0.46258053857591275,-0.5889727230683027,Other,Other,0.739004674147981,-0.24912920801634786
138930,BNK금융지주,BNK Financial Group Inc.,15970,306839751,4900230823470,4900230823470,858364,64992,12,CFS,KRW,standard,815002450431.0,10793081382588.0,728547763216.0,10698820606601.0,735.0,2512.0,28.12,True,20241030.0,20240731.0,5,True,0.454015924625133,0.0755115635230739,0.06809608180237155,0.7415481720702346,0.04602379461490294,0.29259554140127386,-0.7896230052891341,Holding Companies,Holding Companies,0.7758359606137534,-0.41480422708691267
088350,한화생명,"HANWHA LIFE INSURANCE CO., LTD.",5640,868530000,4898509200000,4898509200000,113058,65110,12,CFS,KRW,standard,641310000000.0,13875234000000.0,737254000000.0,11817571000000.0,0.0,693.0,0.0,False,,,0,True,0.3530397541403626,0.04621976105051634,0.062386255178834976,-1.6166494128318636,0.0,0.0,-1.0411746104283996,Other,Other,0.366450379176133,-0.03659601899149523
001450,현대해상,"HYUNDAIMARINE&FIREINSURANCECO.,LTD.",47550,85248250,4053554287500,4053554287500,164973,65121,12,CFS,KRW,standard,1019820047983.0,5157512762473.0,850533055882.0,4743378657629.0,0.0,13006.0,0.0,False,,,0,True,0.7859513828049826,0.19773485688748965,0.17930954226351875,1.84253146239709,0.0,0.0,-0.24086034240364543,Other,Other,2.4840426872598718,-0.6835998886669861
031210,서울보증보험,Seoul Guarantee Insurance Company,41300,69821598,2883631997400,2883631997400,112998,65122,12,CFS,KRW,standard,268373453742.0,5189914819617.0,213100095223.0,5170177200110.0,2865.0,3844.0,74.5,True,20250930.0,,3,True,0.5556222207155229,0.05171057003240087,0.0412171743781753,1.0493395654225572,0.06937046004842615,0.7453173777315296,-0.5876666748132764,Other,Other,0.4431905534865956,0.2536869668011277
139130,iM금융지주,"iM Financial Group Co., Ltd.",17810,158363408,2820452296480,2820452296480,878915,64992,12,CFS,KRW,standard,443903000000.0,6220133000000.0,214876000000.0,5991115000000.0,700.0,2511.0,25.3,True,20241028.0,20240829.0,4,True,0.453439226537439,0.0713655158177486,0.035865777906115975,3.549973791163262,0.039303761931499155,0.27877339705296694,-0.7908940282473335,Holding Companies,Holding Companies,0.7178903237038063,-0.3683725611483196
004800,효성,HYOSUNG CORPORATION,164200,16740407,2748774829400,2748774829400,117188,649,12,CFS,KRW,standard,329905103957.0,2443583657679.0,453157569978.0,2155683371748.0,5000.0,19734.0,25.3,True,20260320.0,,1,True,1.1248949143860625,0.135008720867922,0.21021527368861398,-7.520655282069197,0.030450669914738125,0.2533698185872099,0.1176896218588394,Other,Other,1.6073750363099555,-0.3001664894781001
085620,미래에셋생명,"MIRAE ASSET Life Insurance CO., Ltd.",19320,135180000,2611677600000,2611677600000,112332,65110,12,CFS,KRW,standard,130776431540.0,2448095130657.0,136114870311.0,2563654662740.0,0.0,1002.0,0.0,False,,,0,True,1.0668203074686478,0.053419668991745134,0.0530940739754403,0.03255950163048374,0.0,0.0,0.06468254901691546,Other,Other,0.4670771160107383,1.2840346291855607
003690,코리안리,Korean Reinsurance Company,14670,176721031,2592497524770,2592497524770,113191,65200,12,CFS,KRW,"no NCI, NI = total NI",322041488493.0,3683421777221.0,316671748113.0,3452869465595.0,570.0,1587.0,31.28,True,20260327.0,,1,True,0.7038285815657906,0.0874299789626503,0.09171263242597877,-0.428265346332847,0.03885480572597137,0.3591682419659735,-0.3512204445671549,Other,Other,0.9424090978973765,-0.2531602431087375
001720,신영증권,"SHINYOUNG SECURITIES CO.,LTD",138000,16440000,2268720000000,2268720000000,136721,66121,3,CFS,KRW,standard,108625211917.0,1756981842004.0,142649513102.0,1612823517609.0,5000.0,13618.0,36.9,True,20260622.0,,1,True,1.2912597875299128,0.06182489159540939,0.08844706909623748,-2.6622177500828093,0.036231884057971016,0.36716111029519755,0.25561832131062223,Other,Other,0.5845494684184623,1.2089829129833998
279570,케이뱅크,Kbank,5350,405695151,2170469057850,2170469057850,1203312,64121,12,OFS,KRW,OFS totals,112609000000.0,2171766000000.0,128053000000.0,1995845000000.0,0.0,294.0,0.0,False,,,0,True,0.9994028168089932,0.051851350467775996,0.06415979196781313,-1.2308441500037133,0.0,0.0,-0.0005973615759110905,Other,Other,0.4451581169523497,1.2450513171614719
012630,HDC,"HDC HOLDINGS CO.,Ltd",25450,59741721,1520426799450,1520426799450,164636,649,12,CFS,KRW,standard,300976366813.0,2920918753025.0,146351546970.0,2640848273943.0,450.0,6057.0,,False,,,0,True,0.5205303289848086,0.10304167704127304,0.055418385226458054,4.7623291814814985,0.01768172888015717,0.07429420505200594,-0.6529071236817264,Other,Other,1.1605999757422358,-0.5514989317039103
001800,오리온홀딩스,ORION Holdings Corp.,23750,60156652,1428720485000,1428720485000,117577,649,12,CFS,KRW,standard,120991845518.0,2463569687398.0,160636402912.0,2370781238350.0,1100.0,1529.0,54.69,True,20260326.0,,1,True,0.5799391396591673,0.04911241039249452,0.06775673786915853,-1.8644327476664015,0.04631578947368421,0.7194244604316546,-0.5448321125695051,Other,Other,0.4068783772097238,0.4253378211844372
003540,대신증권,"DAISHIN SECURITIES CO.,LTD",26050,47666126,1241702582300,1920230982860,110893,66121,12,CFS,KRW,standard,186611961000.0,4054118668000.0,144817600000.0,3320378412000.0,1200.0,2413.0,51.0,True,20250313.0,,3,True,0.473649426697048,0.04603021674549562,0.043614787843645336,0.2415428901850286,0.046065259117082535,0.49730625777041026,-0.7472878370549754,Other,Other,0.36380128629112557,0.30194544259532496
030610,교보증권,"KYOBO SECURITIES CO.,LTD.",10000,113962961,1139629610000,1139629610000,113359,66121,12,CFS,KRW,standard,142910816000.0,2118939049000.0,117678416000.0,1985723994000.0,550.0,1266.0,43.44,False,,,0,True,0.537830293201605,0.06744451477613031,0.05926222191783618,0.8182292858294131,0.055,0.4344391785150079,-0.6202122087277758,Other,Other,0.6630899647042442,-0.18890298175226994
192400,쿠쿠홀딩스,"Cuckoo Holdings Co.,Ltd",27250,35562185,969069541250,969069541250,132354,649,12,CFS,KRW,standard,145594260842.0,1321655030636.0,137306911468.0,1196444686567.0,1550.0,4685.0,33.09,True,20260325.0,,1,True,0.7332242671400186,0.11016056192207575,0.11476243992689662,-0.46018780048208696,0.05688073394495413,0.33084311632870866,-0.3103036659919884,Other,Other,1.2600943250177805,-0.41811953868638163
000370,한화손해보험,"Hanwha General Insurance Co., Ltd.",7610,116738915,888383143150,888383143150,135917,65121,12,CFS,KRW,standard,299017018000.0,2669558297000.0,343005703000.0,2866527338000.0,0.0,1858.0,0.0,False,,,0,True,0.33278282184297997,0.11200992251640647,0.11965896799690665,-0.7649045480500174,0.0,0.0,-1.1002651884256431,Other,Other,1.2859412001941104,-0.7412145891330435
003470,유안타증권,"Yuanta Securities Korea Co., Ltd.",4410,192680102,849719249820,904039458620,117601,66121,12,CFS,KRW,standard,95631538000.0,1905932821000.0,73049835000.0,1634308431000.0,220.0,443.0,48.0,True,20241210.0,,2,True,0.4743291309426483,0.05017571288258958,0.04469770430989106,0.5478008572698521,0.049886621315192746,0.4966139954853273,-0.745853829172413,Other,Other,0.421739214420389,0.12469771537497532
000400,롯데손해보험,"Lotte Non-Life Insurance Co., Ltd.",2015,310336320,625327684800,625327684800,113562,65121,12,OFS,KRW,OFS totals,51331000000.0,613504000000.0,24222000000.0,794239000000.0,0.0,158.0,0.0,False,,,0,True,1.019272384206134,0.08366856613811809,0.03049711736643504,5.317144877168305,0.0,0.0,0.019089023924331722,Other,Other,0.8898391620717923,0.14545687316456757
001510,SK증권,"SK SECURITIES CO.,LTD",2320,231295085,536604597200,544429625200,131850,66121,12,CFS,KRW,standard,28818770574.0,602394974044.0,-82546404429.0,550995937275.0,0.0,69.0,0.0,False,,,0,True,0.9037751785097627,0.04784032373400085,-0.14981309088636963,19.765341462037046,0.0,0.0,-0.10117464585878128,Other,Other,0.3890995485830333,1.322735099028002
