code,name,name_eng,price,shares_common,mcap_common,mcap_total,corp_code,induty_code,fiscal_month,fs_div,currency,fin_rule,net_income_parent,equity_parent,net_income_parent_prior,equity_parent_prior,dps_common,eps_reported,payout_reported_pct,valueup_plan,valueup_first_plan_date,valueup_first_preview_date,valueup_filings,is_financial
005930,삼성전자,"SAMSUNG ELECTRONICS CO,.LTD",285500,5846278608,1669112542584000,1845634207244000,00126380,264,12,CFS,KRW,standard,44260956000000.0,424313255000000.0,33621363000000.0,391687603000000.0,1668.0,6605.0,25.1,True,20260319,,1,False
000660,SK하이닉스,SK hynix Inc.,1862000,730492365,1360176783630000,1360176783630000,00164779,2612,12,CFS,KRW,standard,42919287000000.0,120516178000000.0,19788681000000.0,73903394000000.0,3000.0,62044.0,4.9,True,20241127,,2,False
402340,SK스퀘어,"SK Square Co., Ltd.",1190000,131923998,156989557620000,156989557620000,01596425,64992,12,CFS,KRW,standard,8824131000000.0,27636531000000.0,3713971000000.0,19032533000000.0,0.0,66713.0,0.0,True,20241121,20241030,3,False
009150,삼성전기,"SAMSUNG ELECTRO-MECHANICS CO.,LTD",1507000,74693696,112563399872000,114066310600000,00126371,2622,12,CFS,KRW,standard,706113165450.0,9541761553956.0,679130069623.0,8789160638737.0,2350.0,9345.0,25.2,True,20260319,,1,False
373220,LG에너지솔루션,"LG ENERGY SOLUTION, LTD.",351500,234000000,82251000000000,82251000000000,01515323,28202,12,CFS,KRW,standard,-1072810000000.0,20215549000000.0,-1018741000000.0,21116237000000.0,0.0,-4585.0,0.0,True,20241122,,2,False
005380,현대차,HYUNDAI MOTOR CO,353500,203466492,71925404922000,82448684509600,00164742,30121,12,CFS,KRW,standard,9445987000000.0,115446507000000.0,12526691000000.0,109103398000000.0,10000.0,36088.0,27.7,True,20240828,,2,False
207940,삼성바이오로직스,"SAMSUNG BIOLOGICS CO.,LTD.",1366000,46290951,63233439066000,63233439066000,00877059,211,12,CFS,KRW,standard,1784352060593.0,7451110647985.0,1083315885986.0,10904676062018.0,0.0,26628.0,0.0,False,,,0,False
105560,KB금융,KB Financial Group Inc.,173200,354687734,61431915528800,61431915528800,00688996,64992,12,CFS,KRW,standard,5833162000000.0,59048211000000.0,5078221000000.0,57888952000000.0,4367.0,15410.0,27.0,True,20241024,20240527,4,True
028260,삼성물산,SAMSUNG C&T CORPORATION,367000,162167581,59515502227000,59869925212000,00149655,467,12,CFS,KRW,standard,2439114193252.0,49911892454122.0,2230258255124.0,31068664773795.0,2800.0,14906.0,18.8,False,,,0,False
032830,삼성생명,"Samsung Life Insurance co., Ltd",294500,200000000,58900000000000,58900000000000,00126256,65110,12,CFS,KRW,standard,2302837000000.0,62724296000000.0,2106839000000.0,36097438000000.0,5300.0,12824.0,41.3,True,20260319,,1,True
012450,한화에어로스페이스,"HANWHA AEROSPACE CO., LTD.",1021000,51563401,52646232421000,52646232421000,00126566,31321,12,CFS,KRW,standard,1404962303000.0,9684906768000.0,2298945271000.0,4995124600000.0,7000.0,28530.0,25.63,True,20250604,20250502,3,False
034020,두산에너빌리티,"DOOSAN ENERBILITY CO., LTD.",81700,640561146,52333845628200,52333845628200,00159616,29119,12,CFS,KRW,standard,84762000000.0,7785743000000.0,111365000000.0,7496562000000.0,0.0,132.0,0.0,False,,,0,False
055550,신한지주,"SHINHAN FINANCIAL GROUP CO.,LTD",109300,469450239,51310911122700,51310911122700,00382199,64992,12,CFS,KRW,standard,4971561000000.0,57959272000000.0,4450177000000.0,56053756000000.0,2590.0,9812.0,25.06,True,20240726,,4,False
329180,HD현대중공업,"HD HYUNDAI HEAVY INDUSTRIES CO.,LTD.",441000,104961225,46287900225000,46287900225000,01390344,31113,12,CFS,KRW,standard,1415484774000.0,9341619958000.0,621509050000.0,5704447952000.0,5661.0,15702.0,40.0,True,20241213,,2,False
000270,기아,KIA CORPORATION,115400,390412998,45053659969200,45053659969200,00106641,30121,12,CFS,KRW,standard,7560983000000.0,61187884000000.0,9772957000000.0,55831165000000.0,6800.0,19382.0,34.9,True,20241203,20240904,3,False
034730,SK,SK Inc.,611000,72502703,44299151533000,44518528845500,00181712,64992,12,CFS,KRW,standard,1597498000000.0,25187196000000.0,-1292684000000.0,25114591000000.0,8000.0,29000.0,27.6,True,20241028,,2,False
006400,삼성SDI,"SAMSUNG SDI CO.,LTD",521000,80585530,41985061130000,42325628238000,00126362,28202,12,CFS,KRW,standard,-649468657555.0,21442873795141.0,599289842809.0,19766394890484.0,0.0,-8796.0,0.0,False,,,0,False
068270,셀트리온,"Celltrion, Inc.",177400,232617176,41266287022400,41266287022400,00413046,21100,12,CFS,KRW,standard,1029613370428.0,17208474471870.0,422691724154.0,17439141579252.0,750.0,4668.0,15.92,True,20250318,,2,False
086790,하나금융지주,Hana Financial Group Inc.,133100,270969910,36066095021000,36066095021000,00547583,64992,12,CFS,KRW,standard,4002882000000.0,44579957000000.0,3738849000000.0,42701020000000.0,4105.0,13954.0,28.0,True,20241029,20240814,5,True
066570,LG전자,LG ELECTRONICS INC.,209000,162884638,34042889342000,35257607181300,00401731,264,12,CFS,KRW,standard,960579000000.0,23887393000000.0,367515000000.0,20994769000000.0,1350.0,5330.0,25.4,True,20241022,20240821,5,False
012330,현대모비스,"HYUNDAI MOBIS CO.,LTD",367500,89820585,33009064987500,33009064987500,00164788,303,12,CFS,KRW,standard,3655790000000.0,49167565000000.0,4055642000000.0,46080922000000.0,6500.0,40861.0,15.9,True,20241119,20240904,3,False
010120,LS ELECTRIC,"LS ELECTRIC CO., LTD",205500,150000000,30825000000000,30825000000000,00105855,28121,12,CFS,KRW,standard,286623001987.0,2069766351526.0,238715669205.0,1838756342741.0,3000.0,9647.0,31.1,False,,,0,False
035420,NAVER,NAVER Corporation,194700,152094369,29612773644300,29612773644300,00266961,63120,12,CFS,KRW,standard,1953214734956.0,27581956984245.0,1923237257015.0,25459903574291.0,2630.0,13009.0,20.2,False,,,0,False
000810,삼성화재,"SAMSUNG FIRE & MARINE INSURANCE CO.,LTD",648000,44647473,28931562504000,30152412624000,00139214,65121,12,CFS,KRW,standard,2018286152118.0,21257792584430.0,2073571536369.0,15567056119567.0,19500.0,47478.0,41.1,True,20250131,,2,True
298040,효성중공업,Hyosung Heavy Industries Corporation,2896000,9324548,27003891008000,27003891008000,01316245,281,12,CFS,KRW,standard,519893715256.0,2351728765101.0,222633314544.0,1908516731949.0,7500.0,55832.0,13.4,False,,,0,False
316140,우리금융지주,Woori Financial Group Inc.,35350,736786557,26045404789950,26045404789950,01350869,64992,12,CFS,KRW,standard,3124346000000.0,36017339000000.0,3085995000000.0,34096836000000.0,1360.0,4052.0,31.96,True,20240725,20240624,5,True
267260,HD현대일렉트릭,"HD HYUNDAI ELECTRIC CO.,LTD",708000,36047135,25521371580000,25521371580000,01205851,281,12,CFS,KRW,standard,732605395230.0,2028771644117.0,501567028463.0,1501786699279.0,7100.0,20354.0,34.88,True,20241217,,2,False
096770,SK이노베이션,"SK Innovation Co., Ltd.",149200,169052788,25222675969600,25311563900800,00631518,192,12,CFS,KRW,standard,-3347850026000.0,21792075772000.0,-2259957140000.0,24641444950000.0,0.0,-21502.0,0.0,True,20241030,,1,False
005490,POSCO홀딩스,POSCO Holdings Inc.,311500,79241527,24683735660500,24683735660500,00155319,2411,12,CFS,KRW,standard,657654060164.0,55730184535521.0,1094917125078.0,55394231301615.0,10000.0,8697.0,115.0,True,20241223,20240829,4,False
000150,두산,"DOOSAN CO.,LTD",1512000,16193835,24485078520000,26810785619000,00117212,26221,12,CFS,KRW,standard,75785000000.0,1559193000000.0,-226167000000.0,1480157000000.0,4000.0,4230.0,94.61,True,20260401,,1,False
042660,한화오션,"Hanwha Ocean Co., Ltd.",79600,306413394,24390506162400,24390506162400,00111704,3111,12,CFS,KRW,standard,1245838500547.0,6170251544059.0,528119120128.0,4858676068261.0,0.0,4007.0,0.0,False,,,0,False
009540,HD한국조선해양,"HD KOREA SHIPBUILDING & OFFSHORE ENGINEERING CO., LTD.",332500,70773116,23532061070000,23532061070000,00164830,64992,12,CFS,KRW,standard,2168412429000.0,13286077746000.0,1172335951000.0,11099427059000.0,12300.0,30664.0,40.11,True,20241213,,2,False
010130,고려아연,KOREA ZINC INC,1116000,20872969,23294233404000,23294233404000,00102858,24213,12,CFS,KRW,standard,775018941540.0,10752452223922.0,300817351283.0,7143829493655.0,20000.0,42566.0,52.6,True,20241002,,3,False
042700,한미반도체,"HANMI Semiconductor CO., LTD.",243500,95312200,23208520700000,23208520700000,00161383,29271,12,CFS,KRW,standard,214007548411.0,690327519537.0,152614498001.0,540887863389.0,800.0,2256.0,35.5,True,20250411,,5,False
138040,메리츠금융지주,MERITZ FINANCIAL GROUP INC.,125600,167347273,21018817488800,21018817488800,00860332,64992,12,CFS,KRW,standard,2300359733517.0,10322630113710.0,2306096480027.0,10094442922761.0,0.0,12903.0,0.0,True,20240704,,10,True
011200,HMM,"HMM CO.,LTD",20800,943237970,19619349776000,19619349776000,00164645,50112,12,CFS,KRW,standard,1878436000000.0,26569235000000.0,3782169000000.0,27853923000000.0,700.0,1951.0,35.15,True,20250122,,2,False
015760,한국전력,KOREA ELECTRIC POWER CORPORATION,30250,641964077,19419413329250,19419413329250,00159193,35120,12,CFS,KRW,standard,8544918000000.0,48169942000000.0,3491698000000.0,39915236000000.0,1542.0,13311.0,11.6,False,,,0,False
017670,SK텔레콤,"SK TELECOM CO.,LTD",87100,214790053,18708213616300,18708213616300,00159023,61220,12,CFS,KRW,standard,408410000000.0,12863103000000.0,1250155000000.0,11698627000000.0,1660.0,1825.0,86.6,True,20241024,,1,False
033780,KT&G,KT&G Corporation,174300,103810456,18094162480800,18094162480800,00244455,12000,12,CFS,KRW,standard,1090072000000.0,9279560000000.0,1165727000000.0,9239171000000.0,6000.0,10220.0,57.6,True,20241107,20240808,4,False
051910,LG화학,LG CHEM LTD,252500,70592343,17824566607500,18703396447500,00356361,20111,12,CFS,KRW,standard,-1819449000000.0,32845600000000.0,-690854000000.0,33284180000000.0,2000.0,-23244.0,,True,20241122,,3,False
010140,삼성중공업,"SAMSUNG HEAVY INDUSTRIES CO.,LTD",20250,880000000,17820000000000,17820000000000,00126478,3111,12,CFS,KRW,standard,545539601781.0,4148939309647.0,63876253559.0,3794592947059.0,0.0,639.0,0.0,False,,,0,False
010950,S-Oil,S-Oil Corporation,155600,112582792,17517882435200,17855724303200,00138279,19210,12,CFS,KRW,"no NCI, NI = total NI",176952000000.0,8887401000000.0,-193042000000.0,8695647000000.0,330.0,1519.0,21.8,True,20250317,,2,False
006800,미래에셋증권,"MIRAE ASSET SECURITIES CO.,LTD.",32250,543021051,17512428894750,19042363413170,00111722,66121,12,CFS,KRW,standard,1569530000000.0,13303614000000.0,921609000000.0,12100353000000.0,300.0,2680.0,11.1,True,20240822,,2,True
018260,삼성에스디에스,"SAMSUNG SDS CO., LTD.",220500,77377800,17061804900000,17061804900000,00126186,62021,12,CFS,KRW,standard,759538805950.0,9916106572212.0,756996881809.0,9333119577877.0,3190.0,9819.0,32.5,True,20260319,,1,False
003550,LG,LG Corp.,111900,151192004,16918385247600,17122544539800,00120021,64992,12,CFS,KRW,standard,737248000000.0,28708510000000.0,574727000000.0,27083363000000.0,3100.0,4780.0,64.86,True,20241122,20240829,4,False
024110,기업은행,INDUSTRIAL BANK OF KOREA,20400,797425869,16267487727600,16267487727600,00149646,64121,12,CFS,KRW,standard,2711103000000.0,36454735000000.0,2644524000000.0,33946719000000.0,1048.0,3183.0,30.83,True,20241205,20240930,2,True
267250,HD현대,"HD HYUNDAI CO.,LTD.",205500,78993085,16233078967500,16233078967500,01205709,64992,12,CFS,KRW,standard,962697249000.0,10116362882000.0,509021030000.0,8675322438000.0,4000.0,13623.0,29.4,True,20241216,,2,False
003670,포스코퓨처엠,"POSCO FUTURE M CO., LTD.",179900,88946220,16001424978000,16001424978000,00155276,282,12,CFS,KRW,standard,32262297485.0,4067558055710.0,-212323486396.0,2970273518789.0,250.0,51.0,60.9,True,20241223,20240829,3,False
079550,LIG디펜스앤에어로스페이스,"LIG Defense&Aerospace Co., Ltd.",692000,22000000,15224000000000,15224000000000,00503668,25200,12,CFS,KRW,standard,253355820875.0,1430099949880.0,219434507874.0,1209332843260.0,2950.0,11604.0,25.4,True,20260331,,1,False
035720,카카오,Kakao Corp.,33450,442999903,14818346755350,14818346755350,00258801,63120,12,CFS,KRW,standard,491491558183.0,11276217552488.0,55277416537.0,10141299899346.0,75.0,1118.0,6.7,True,20260821,,1,False
086280,현대글로비스,"HYUNDAI GLOVIS Co., LTD.",196900,75000000,14767500000000,14767500000000,00360595,5299,12,CFS,KRW,standard,1733738515082.0,10351204581947.0,1093860048142.0,8773151741324.0,5800.0,23117.0,25.1,True,20241031,,3,False
272210,한화시스템,"HANWHA SYSTEMS Co., Ltd.",73900,188919389,13961142847100,13961142847100,00339391,26299,12,CFS,KRW,standard,242231770680.0,4849228707428.0,454300056693.0,2490054967099.0,500.0,1952.0,44.7,True,20250626,20250507,3,False
278470,에이피알,"APR Co., Ltd.",368500,37438155,13795960117500,13795960117500,01190568,20423,12,CFS,KRW,standard,289654813287.0,445799810314.0,107590435967.0,323524073990.0,5090.0,7765.0,65.8,True,20260331,,1,False
000720,현대건설,"HYUNDAI ENGINEERING & CONSTRUCTION CO.,LTD",121100,111355765,13485183141500,13541187339800,00164478,41221,12,CFS,KRW,standard,373147000000.0,8264726000000.0,-168663000000.0,8025410000000.0,800.0,3319.0,24.1,True,20250328,,2,False
030200,KT,KT CORPORATION,52700,252021685,13281542799500,13281542799500,00190321,612,12,CFS,KRW,standard,1731038000000.0,17655653000000.0,470286000000.0,16210702000000.0,2400.0,7119.0,33.6,True,20241105,20241028,6,False
011070,LG이노텍,"LG INNOTEK CO., LTD.",535000,23667107,12661902245000,12661902245000,00105961,262,12,CFS,KRW,standard,341262000000.0,5763054000000.0,449274000000.0,5353866000000.0,1880.0,14421.0,13.0,True,20241122,20241107,3,False
064350,현대로템,Hyundai-Rotem Co.,115900,109142293,12649591758700,12649591758700,00302926,31910,12,CFS,KRW,standard,769947514000.0,3079022979000.0,406891810000.0,2044977823000.0,600.0,7055.0,8.5,False,,,0,False
047810,한국항공우주,"KOREA AEROSPACE INDUSTRIES, LTD.",127500,97475107,12428076142500,12428076142500,00309503,31311,12,CFS,KRW,standard,185887822500.0,1830169571361.0,172075960913.0,1705857243034.0,500.0,1907.0,26.2,True,20250430,,2,False
005830,DB손해보험,"DB INSURANCE CO.,LTD",184600,65500349,12091364425400,12091364425400,00159102,65121,12,CFS,KRW,standard,1788026000000.0,10880841000000.0,1851594000000.0,9296647000000.0,7600.0,29597.0,25.7,True,20250228,,3,True
003490,대한항공,"KOREAN AIR LINES CO.,LTD",31500,368220609,11598949183500,11623608743700,00113526,511,12,CFS,KRW,standard,779673735522.0,10954036206278.0,1317261688939.0,10472882288647.0,750.0,2133.0,35.5,True,20241220,,2,False
443060,HD현대마린솔루션,"HD Hyundai Marine Solution Co., Ltd",239000,44833460,10715196940000,10715196940000,01194689,7212,12,CFS,KRW,standard,269571288127.0,824724855468.0,227940276635.0,773534561558.0,3950.0,6013.0,65.7,True,20241217,20251226,3,False
071050,한국금융지주,"Korea Investment Holdings Co., Ltd",186400,55725992,10387324908800,11242043729700,00432102,64992,12,CFS,KRW,standard,2020435000000.0,12010273000000.0,1039738000000.0,9650757000000.0,8690.0,34592.0,25.1,True,20250526,,3,True
307950,현대오토에버,HYUNDAI AUTOEVER CORPORATION.,377500,27423982,10352553205000,10352553205000,00362441,582,12,CFS,KRW,standard,182484125000.0,1847125538000.0,170788484000.0,1705413877000.0,1900.0,6654.0,28.6,False,,,0,False
078930,GS,GS Holdings,110700,92895495,10283531296500,10387998277700,00500254,64992,12,CFS,KRW,standard,798737000000.0,14703329000000.0,567020000000.0,14076817000000.0,3000.0,8500.0,35.6,True,20250814,,3,False
006260,LS,LS Corp.,321500,31200000,10030800000000,10030800000000,00105952,64992,12,CFS,KRW,standard,270815000000.0,5003131000000.0,237334000000.0,4591860000000.0,2500.0,9903.0,25.25,True,20260327,,1,False
047050,포스코인터내셔널,POSCO INTERNATIONAL,55300,175922788,9728530176400,9728530176400,00124504,461,12,CFS,KRW,standard,614085020000.0,6708434041000.0,514555065000.0,6544550750000.0,1850.0,3603.0,51.3,True,20241223,20240829,4,False
028050,삼성E&A,"SAMSUNG E&A CO.,LTD",49350,196000000,9672600000000,9672600000000,00126308,72129,12,CFS,KRW,standard,617480998604.0,4740713498360.0,756929334156.0,4231791398254.0,790.0,3150.0,25.1,True,20260320,,1,False
005940,NH투자증권,"NH INVESTMENT & SECURITIES CO.,LTD. ",26000,369206105,9599358730000,10033390994000,00120182,66121,12,CFS,KRW,standard,1031599000000.0,9433337000000.0,686659000000.0,8114380000000.0,1300.0,2882.0,47.29,True,20241219,20240830,3,True
323410,카카오뱅크,KakaoBank Corp.,19920,477120437,9504239105040,9504239105040,01133217,64121,12,OFS,KRW,OFS totals,480280000000.0,6749866000000.0,440065000000.0,6540131000000.0,460.0,1008.0,45.64,True,20241126,20240807,4,True
000500,가온전선,"GAON CABLE CO.,LTD",318500,29777607,9484167829500,9484167829500,00104768,28302,12,CFS,KRW,standard,51396625000.0,483788805000.0,25355195000.0,453705043000.0,100.0,3107.0,3.2,False,,,0,False
180640,한진칼,HANJINKAL,140100,66762275,9353394727500,9369383182050,00983040,64992,12,CFS,KRW,standard,155013035000.0,3342274997000.0,496999178000.0,3191221630000.0,360.0,2313.0,15.6,True,20250211,,2,False
003230,삼양식품,Samyang Foods Inc.,1215000,7533015,9152613225000,9152613225000,00126955,108,12,CFS,KRW,standard,389437490173.0,1255376104221.0,271985324667.0,816847076602.0,4800.0,52156.0,9.2,True,20250326,,2,False
259960,크래프톤,"KRAFTON, Inc.",198000,45916188,9091405224000,9091405224000,00760971,5821,12,CFS,KRW,standard,734769945450.0,7041422132872.0,1306089757323.0,6827837668465.0,2240.0,16454.0,13.6,True,20260430,,1,False
007660,이수페타시스,"ISUPETASYS CO.,LTD",118900,73409219,8728356139100,8728356139100,00107613,2622,12,CFS,KRW,standard,160481952837.0,755497178248.0,74034111779.0,327526708412.0,230.0,2279.0,11.0,True,20250430,,2,False
090430,아모레퍼시픽,AMOREPACIFIC CORP.,142500,58492759,8335218157500,8785509607000,00583424,20423,12,CFS,KRW,standard,235682371206.0,5449271639491.0,593187213073.0,5252371283408.0,1240.0,3416.0,36.3,True,20241112,20241031,4,False
0126Z0,삼성에피스홀딩스,"SAMSUNG EPIS HOLDINGS Co., Ltd.",330000,24883049,8211406170000,8211406170000,01965324,64992,12,CFS,KRW,standard,85313155522.0,5905769042165.0,,,0.0,3433.0,0.0,False,,,0,False
016360,삼성증권,"SAMSUNG SECURITIES CO.,LTD",91100,89300000,8135230000000,8135230000000,00104856,66121,12,CFS,KRW,standard,1007226734146.0,8068055959870.0,899037889864.0,7324213114450.0,4000.0,11279.0,35.46,True,20260320,,1,True
047040,대우건설,"DAEWOO ENGINEERING & CONSTRUCTION CO.,LTD",17440,410907638,7166229206720,7166229206720,00124540,41112,12,CFS,KRW,standard,-912263729166.0,3347692728720.0,234094221827.0,4291145722596.0,0.0,-2220.0,0.0,False,,,0,False
161390,한국타이어앤테크놀로지,"HANKOOK TIRE & TECHNOLOGY CO.,LTD",57300,123875069,7098041453700,7098041453700,00937324,221,12,CFS,KRW,standard,1089466342315.0,12105483748917.0,1114628550190.0,11100370242882.0,2300.0,8931.0,25.8,True,20250925,,2,False
021240,코웨이,"COWAY Co., Ltd.",99800,70767426,7062589114800,7062589114800,00170558,969,12,CFS,KRW,standard,617724967901.0,3613727511069.0,565600031105.0,3198397576980.0,1940.0,8630.0,22.2,True,20250213,20250106,4,False
039490,키움증권,"KIWOOM Securities Co.,Ltd.",266000,26228316,6976732056000,6976732056000,00296290,66121,12,CFS,KRW,standard,1113586445154.0,6704409812790.0,835047385103.0,5587733020894.0,11500.0,44379.0,27.05,True,20240528,,4,True
000880,한화,HANWHA CORP,130000,53328897,6932756610000,7520554960650,00160588,20494,12,CFS,KRW,standard,372479000000.0,11840206000000.0,772976000000.0,10759984000000.0,1100.0,4072.0,26.49,True,20260114,,2,False
352820,하이브,"HYBE Co., Ltd.",156800,43106836,6759151884800,6759151884800,01204056,592,12,CFS,KRW,standard,-237280415000.0,3257026727000.0,9379803000.0,3214652758000.0,500.0,-5690.0,-9.05,True,20260423,,1,False
064400,LG씨엔에스,"LG CNS Co., Ltd.",69400,96885948,6723884791200,6723884791200,00139834,62021,12,CFS,KRW,standard,437876523000.0,2932750548000.0,364512422000.0,2115116477000.0,1850.0,4549.0,40.9,True,20260324,,1,False
128940,한미약품,"Hanmi Pharm. Co., Ltd.",520000,12810991,6661715320000,6661715320000,00828497,21212,12,CFS,KRW,standard,169554330032.0,1249756305417.0,121315102389.0,1084893341851.0,2000.0,13372.0,14.6,True,20250305,,2,False
009830,한화솔루션,HANWHA SOLUTIONS CORPORATION,29200,224892536,6566862051200,6609738830800,00162461,20111,12,CFS,KRW,standard,-650442000000.0,9101238000000.0,-1404399000000.0,9449650000000.0,0.0,-3963.0,0.0,False,,,0,False
062040,산일전기,"SANIL ELECTRIC CO., LTD",205500,30642850,6297105675000,6297105675000,00366438,28112,12,CFS,KRW,standard,148921775330.0,585470613825.0,83676177904.0,434241887238.0,1250.0,4964.0,25.14,True,20260326,,1,False
032640,LG유플러스,LG Uplus Corp,14640,424427732,6213621996480,6213621996480,00231363,61220,12,CFS,KRW,standard,523866000000.0,8866858000000.0,374464000000.0,8556021000000.0,660.0,1221.0,53.73,True,20241122,,3,False
267270,HD건설기계,"HD Construction Equipment Co.,Ltd.",129700,47497386,6160410964200,6160410964200,01205842,29241,12,CFS,KRW,standard,99380124000.0,1805220579000.0,99970496000.0,1657828153000.0,550.0,5698.0,26.5,True,20241212,,2,False
001440,대한전선,"Taihan Cable & Solution Co., Ltd.",30950,195992596,6065970846200,6065970846200,00113207,28302,12,CFS,KRW,standard,84220667290.0,1601618322696.0,70445443745.0,1473203571898.0,0.0,453.0,0.0,False,,,0,False
326030,SK바이오팜,"SK biopharmaceuticals Co., Ltd.",75900,78313250,5943975675000,5943975675000,00878696,7011,12,CFS,KRW,standard,266950497803.0,813035724864.0,240738037875.0,546273129341.0,0.0,3409.0,0.0,False,,,0,False
353200,대덕전자,"DAEDUCK ELECTRONICS CO.,LTD",119400,49416925,5900380845000,5952664044050,01478712,2622,12,CFS,KRW,standard,47605327690.0,897305160164.0,23762727122.0,875513939249.0,500.0,924.0,54.1,True,20260327,,1,False
000990,DB하이텍,"DB HiTek Co.,LTD",132000,43504588,5742605616000,5742605616000,00160843,2611,12,CFS,KRW,standard,256071900592.0,2142364349472.0,229473615387.0,1949982258640.0,810.0,6285.0,13.53,True,20240814,20240614,4,False
175330,JB금융지주,"JB FINANCIAL GROUP CO.,LTD",30150,186521824,5623632993600,5623632993600,00980122,64992,12,CFS,KRW,standard,710386000000.0,5914615000000.0,677517000000.0,5580578000000.0,1140.0,3619.0,30.0,True,20240924,20240826,5,True
241560,두산밥캣,Doosan Bobcat Inc.,57700,95856065,5530894950500,5530894950500,01032486,29241,12,CFS,USD,standard,282899000.0,5011583000.0,413029000.0,4690139000.0,1700.0,4196.0,40.4,True,20241216,20241028,4,False
377300,카카오페이,kakaopay Corp.,40650,135300622,5499970284300,5499970284300,01244601,66199,12,CFS,KRW,standard,45239190490.0,1900416647054.0,-13717997285.0,1861202678487.0,0.0,335.0,0.0,False,,,0,True
000100,유한양행,YUHAN CORPORATION,74100,73615781,5454929372100,5530834646100,00145109,212,12,CFS,KRW,equity = total - NCI,194079171666.0,2306842780631.0,70687449399.0,2100543104237.0,600.0,2599.0,23.1,True,20241031,,1,False
052690,한전기술,"KEPCO Engineering & Construction Company, Inc",130400,38220000,4983888000000,4983888000000,00159209,72129,12,CFS,KRW,standard,85367742275.0,624966182864.0,58512128400.0,577473652879.0,1347.0,2244.0,60.0,True,20241231,,3,False
029780,삼성카드,"SAMSUNG CARD CO.,LTD",42450,115858891,4918209922950,4918209922950,00126292,64913,12,CFS,KRW,"no NCI, NI = total NI",645923000000.0,8863284000000.0,664593000000.0,8486181000000.0,2800.0,6053.0,46.3,True,20260319,,1,True
138930,BNK금융지주,BNK Financial Group Inc.,15970,306839751,4900230823470,4900230823470,00858364,64992,12,CFS,KRW,standard,815002450431.0,10793081382588.0,728547763216.0,10698820606601.0,735.0,2512.0,28.12,True,20241030,20240731,5,True
088350,한화생명,"HANWHA LIFE INSURANCE CO., LTD.",5640,868530000,4898509200000,4898509200000,00113058,65110,12,CFS,KRW,standard,641310000000.0,13875234000000.0,737254000000.0,11817571000000.0,0.0,693.0,0.0,False,,,0,True
454910,두산로보틱스,Doosan Robotics Inc.,70800,64819980,4589254584000,4589254584000,01105153,2928,12,CFS,KRW,standard,-55495341539.0,348594990774.0,-36560851475.0,402501180228.0,0.0,-856.0,0.0,False,,,0,False
036570,NC,NC Corporation,212000,21544022,4567332664000,4567332664000,00261443,582,12,CFS,KRW,standard,346670401234.0,3364869232962.0,94215383021.0,3058458965781.0,1150.0,17876.0,6.4,False,,,0,False
066970,엘앤에프,"L&F CO.,LTD",109100,40686184,4438862674400,4438862674400,00398701,28202,12,CFS,KRW,standard,-533545279689.0,673078391768.0,-377937820664.0,713602484182.0,0.0,-15508.0,0.0,False,,,0,False
011790,SKC,SKC LTD,89400,49598298,4434087841200,4434087841200,00139889,204,12,CFS,KRW,standard,-734388238284.0,832066725740.0,-443482911248.0,1172309309435.0,0.0,-25549.0,0.0,False,,,0,False
051900,LG생활건강,"LG H&H Co., Ltd.",292500,14975523,4380340477500,4584935355900,00356370,20422,12,CFS,KRW,standard,-100095349667.0,5449473672307.0,189134758428.0,5566264371939.0,2000.0,-5980.0,-33.6,True,20241122,,2,False
271560,오리온,ORION CORP.,110100,39528788,4352119558800,4352119558800,01238169,108,12,CFS,KRW,standard,382705010974.0,3808663397961.0,524592568051.0,3471235408182.0,3500.0,9682.0,36.2,True,20250630,,3,False
004020,현대제철,HYUNDAI STEEL COMPANY,31950,133445785,4263592830750,4263592830750,00145880,2411,12,CFS,KRW,standard,-6916448647.0,19370718758990.0,-11621287184.0,18918297285386.0,500.0,-53.0,,False,,,0,False
034220,LG디스플레이,"LG Display Co., Ltd.",8490,500000000,4245000000000,4245000000000,00105873,2621,12,CFS,KRW,standard,226312000000.0,6604124000000.0,-2562606000000.0,6542261000000.0,0.0,453.0,0.0,True,20241122,,2,False
002380,KCC,KCC Corporation,476000,8592896,4090218496000,4090218496000,00105271,20411,12,CFS,KRW,standard,1538496275573.0,7824485732406.0,343824075640.0,5265962627794.0,15000.0,209201.0,7.17,True,20250703,,2,False
001450,현대해상,"HYUNDAIMARINE&FIREINSURANCECO.,LTD.",47550,85248250,4053554287500,4053554287500,00164973,65121,12,CFS,KRW,standard,1019820047983.0,5157512762473.0,850533055882.0,4743378657629.0,0.0,13006.0,0.0,False,,,0,True
082740,한화엔진,"Hanwha Engine Co., Ltd.",47600,83447142,3972083959200,3972083959200,00361008,29111,12,CFS,KRW,standard,173753426631.0,556102899924.0,79159548487.0,393295789886.0,0.0,2071.0,0.0,False,,,0,False
103590,일진전기,"ILJIN ELECTRIC CO.,LTD",81700,47685390,3895896363000,3895896363000,00683469,2830,12,CFS,KRW,standard,103889478000.0,588671403000.0,46193258000.0,500309704000.0,500.0,2179.0,22.95,False,,,0,False
010060,OCI홀딩스,OCI Holdings Company Ltd.,206000,18670232,3846067792000,3846067792000,00148896,64992,12,CFS,KRW,standard,-89880075000.0,3931910194000.0,97671162000.0,3979195012000.0,1000.0,-4809.0,-20.77,False,,,0,False
001040,CJ,CJ Corp.,130000,29176998,3793009740000,4484445947600,00148540,64992,12,CFS,KRW,standard,143329782000.0,5208897884000.0,94269008000.0,5452300896000.0,3300.0,4271.0,,True,20260327,,1,False
008930,한미사이언스,"Hanmi Science Co.,Ltd",52100,68391550,3563199755000,3563199755000,00161426,64992,12,CFS,KRW,standard,118369957151.0,961852859665.0,59421641043.0,840928986273.0,300.0,1748.0,17.35,True,20241108,,2,False
161890,한국콜마,"KOLMAR KOREA CO.,LTD",147000,23605077,3469946319000,3469946319000,00939331,20423,12,CFS,KRW,standard,125078561970.0,910357247405.0,90074028307.0,792634831327.0,864.0,5299.0,16.31,False,,,0,False
018880,한온시스템,Hanon Systems,3220,1026251342,3304529321240,3304529321240,00161125,29172,12,CFS,KRW,standard,-198546222382.0,3767762778930.0,-363255550781.0,2853472095503.0,0.0,-292.0,0.0,False,,,0,False
036460,한국가스공사,KoreaGasCorporation,35600,92313000,3286342800000,3286342800000,00261285,35200,12,CFS,KRW,standard,133021000000.0,10802423000000.0,1146749000000.0,10829084000000.0,1154.0,1463.0,75.7,True,20260422,,1,False
004170,신세계,SHINSEGAE Inc.,347000,9445181,3277477807000,3277477807000,00136378,47111,12,CFS,KRW,standard,13937046414.0,4455332903779.0,107782477017.0,4265138301271.0,5200.0,1590.0,327.13,True,20241227,20240912,4,False
012750,에스원,S-1 CORPORATION,83300,37999178,3165331527400,3165331527400,00158501,75320,12,CFS,KRW,standard,178566844211.0,1756324291678.0,176732400410.0,1660661064990.0,3200.0,5281.0,60.6,True,20260319,,1,False
375500,DL이앤씨,"DL E&C CO.,LTD.",80900,38693623,3130314100700,3294147828650,01524093,412,12,CFS,KRW,standard,370189019489.0,5244091831162.0,229223745163.0,4845710111118.0,890.0,8746.0,10.05,False,,,0,False
336260,두산퓨얼셀,"Doosan Fuel Cell Co., Ltd.",47200,65493726,3091303867200,3200140594200,01412725,28111,12,CFS,KRW,standard,-132804248876.0,367480446236.0,-10474726734.0,498895839831.0,0.0,-1623.0,0.0,False,,,0,False
192820,코스맥스,"COSMAX, INC.",272000,11349509,3087066448000,3087066448000,01009789,20423,12,CFS,KRW,standard,123064158267.0,558159240881.0,85796823726.0,473397931954.0,3300.0,10847.0,28.6,True,20251203,,2,False
111770,영원무역,Youngone Corporation,69300,44311468,3070784732400,3070784732400,00776820,46800,12,CFS,KRW,standard,492268483607.0,4092315540912.0,427050356020.0,3686692649307.0,2100.0,11558.0,18.2,True,20250811,20260731,3,False
035250,강원랜드,"Kangwon Land, Inc.",14320,213940500,3063627960000,3063627960000,00255619,91249,12,CFS,KRW,standard,318192491518.0,3964522156208.0,456895295638.0,3883666448036.0,950.0,1572.0,59.2,True,20241010,20241002,4,False
022100,포스코DX,POSCO DX COMPANY LTD.,19990,152034729,3039174232710,3039174232710,00155212,72129,12,CFS,KRW,standard,52081264979.0,569587084549.0,88036600048.0,523191568131.0,125.0,343.0,36.4,False,,,0,False
028670,팬오션,"Pan Ocean Co., Ltd.",5600,534569512,2993589267200,2993589267200,00122737,50112,12,CFS,KRW,standard,301407000000.0,5723482000000.0,268143000000.0,5653383000000.0,150.0,564.0,26.6,True,20260327,,1,False
006360,GS건설,GS Engineering & Construction Corp,34600,85581490,2961119554000,2961119554000,00120030,4111,12,CFS,KRW,standard,93518000000.0,4792962000000.0,245568000000.0,4414089000000.0,500.0,1073.0,45.4,True,20260325,,1,False
011780,금호석유화학,"KUMHO PETRO CHEMICAL CO.,LTD",116900,25157325,2940891292500,3089949152300,00106368,201,12,CFS,KRW,standard,290936738220.0,6245291877385.0,348621508633.0,6037777043046.0,1700.0,11300.0,15.0,True,20250210,,2,False
023530,롯데쇼핑,"LOTTE SHOPPING CO.,LTD.",103900,28288755,2939201644500,2939201644500,00120526,47111,12,CFS,KRW,standard,51555579106.0,15185023750402.0,-968016249419.0,15503954524320.0,4000.0,1824.0,219.3,True,20241011,,3,False
031210,서울보증보험,Seoul Guarantee Insurance Company,41300,69821598,2883631997400,2883631997400,00112998,65122,12,CFS,KRW,standard,268373453742.0,5189914819617.0,213100095223.0,5170177200110.0,2865.0,3844.0,74.5,True,20250930,,3,True
017800,현대엘리베이터,"HYUNDAI ELEVATOR CO.,LTD",73700,39092385,2881108774500,2881108774500,00164724,29162,12,CFS,KRW,standard,262047290347.0,1352124960927.0,183197914187.0,1254671599022.0,14010.0,7258.0,193.0,True,20241212,20240911,4,False
251270,넷마블,Netmarble Corporation,34350,83158425,2856491898750,2856491898750,00904672,5821,12,CFS,KRW,standard,225033175328.0,5429700987984.0,25640335233.0,5416041831044.0,876.0,2746.0,31.9,True,20260326,,1,False
139130,iM금융지주,"iM Financial Group Co., Ltd.",17810,158363408,2820452296480,2820452296480,00878915,64992,12,CFS,KRW,standard,443903000000.0,6220133000000.0,214876000000.0,5991115000000.0,700.0,2511.0,25.3,True,20241028,20240829,4,True
302440,SK바이오사이언스,"SK Bioscience Co.,Ltd",35750,78456553,2804821769750,2804821769750,01319899,211,12,CFS,KRW,standard,-57424481989.0,1788799862235.0,-53881198908.0,1802565226090.0,0.0,-733.0,0.0,False,,,0,False
007340,DN오토모티브,DN AUTOMOTIVE CORPORATION,47900,58510865,2802670433500,2802670433500,00116949,28202,12,CFS,KRW,standard,281602585000.0,2007332574000.0,284931413000.0,1741561468000.0,1000.0,5440.0,18.38,False,,,0,False
004800,효성,HYOSUNG CORPORATION,164200,16740407,2748774829400,2748774829400,00117188,649,12,CFS,KRW,standard,329905103957.0,2443583657679.0,453157569978.0,2155683371748.0,5000.0,19734.0,25.3,True,20260320,,1,True
097950,CJ제일제당,CJ CHEILJEDANG CORP.,175800,15054186,2646525898800,2792809015400,00635134,108,12,CFS,KRW,standard,-571455619874.0,7058604079000.0,132271390617.0,7847554731000.0,6000.0,-35668.0,,False,,,0,False
085620,미래에셋생명,"MIRAE ASSET Life Insurance CO., Ltd.",19320,135180000,2611677600000,2611677600000,00112332,65110,12,CFS,KRW,standard,130776431540.0,2448095130657.0,136114870311.0,2563654662740.0,0.0,1002.0,0.0,False,,,0,True
383220,F&F,"F&F CO.,Ltd",67800,38307075,2597219685000,2597219685000,01568413,14111,12,CFS,KRW,standard,398531197364.0,1878678882040.0,360375370051.0,1562200168382.0,2700.0,10611.0,25.39,True,20250429,20250221,4,False
003690,코리안리,Korean Reinsurance Company,14670,176721031,2592497524770,2592497524770,00113191,65200,12,CFS,KRW,"no NCI, NI = total NI",322041488493.0,3683421777221.0,316671748113.0,3452869465595.0,570.0,1587.0,31.28,True,20260327,,1,True
011170,롯데케미칼,LOTTE CHEMICAL CORPORATION,60200,42775419,2575080223800,2575080223800,00165413,20111,12,CFS,KRW,standard,-2037135124082.0,12584876918618.0,-1710507345754.0,14352322139454.0,1000.0,-48311.0,,False,,,0,False
014680,한솔케미칼,"Hansol Chemical Co., Ltd",236500,10794036,2552789514000,2552789514000,00140955,20129,12,CFS,KRW,standard,147278669947.0,1080490634159.0,122679144718.0,974318215904.0,2600.0,13428.0,19.2,True,20250429,,2,False
026960,동서,DONG SUH COMPANIES INC.,25350,99700000,2527395000000,2527395000000,00144395,4632,12,CFS,KRW,standard,144876386111.0,1722043323436.0,157251142776.0,1694360738168.0,1140.0,1468.0,77.6,True,20260303,,1,False
450080,에코프로머티,"ECOPRO MATERIALS CO., LTD.",34950,70813870,2474944756500,2474944756500,01311408,28202,12,OFS,KRW,OFS totals,24103738371.0,1144680193740.0,-42686351369.0,737605448212.0,0.0,,14.2,False,,,0,False
009420,한올바이오파마,"HANALL BIOPHARMA CO.,LTD",46600,52240638,2434413730800,2434413730800,00162586,212,12,CFS,KRW,standard,-5559162634.0,161681400836.0,-1804843479.0,168351403333.0,0.0,-110.0,0.0,False,,,0,False
004990,롯데지주,Lotte Corporation,24400,99663776,2431796134400,2451734808650,00120562,64992,12,CFS,KRW,standard,-647552868590.0,6076323693816.0,-1018805985752.0,6245033465111.0,1250.0,-9028.0,-14.8,True,20241126,,2,False
489790,한화비전,"Hanwha Vision CO.,LTD",47950,50488390,2420918300500,2420918300500,01867758,264,12,CFS,KRW,standard,45589822699.0,865880645572.0,10595898861.0,822869661844.0,0.0,902.0,0.0,False,,,0,False
005440,현대지에프홀딩스,"HYUNDAI G.F. HOLDINGS CO., LTD.",13020,183397199,2387831530980,2387831530980,00105280,64992,12,CFS,KRW,standard,411983219000.0,4000146952000.0,698862577000.0,3369831487000.0,300.0,2643.0,11.4,True,20241108,,2,False
004370,농심,"NONGSHIM CO.,LTD",390000,6082642,2372230380000,2372230380000,00108241,108,12,CFS,KRW,standard,170132973883.0,2830704457688.0,157301500634.0,2672015203505.0,6000.0,29342.0,20.58,True,20250522,20250328,4,False
000240,한국앤컴퍼니,"HANKOOK & COMPANY CO., LTD.",24650,94935240,2340153666000,2340153666000,00160047,64992,12,CFS,KRW,standard,347229288109.0,4781079225610.0,350713050064.0,4452873418433.0,1100.0,3666.0,30.01,True,20260327,,1,False
282330,BGF리테일,"BGF retail CO., LTD.",132900,17283906,2297031107400,2297031107400,01263022,47122,12,CFS,KRW,standard,195263084525.0,1313057157689.0,195217876198.0,1184132956540.0,4100.0,11303.0,36.3,True,20250430,,2,False
483650,달바글로벌,"d'Alba Global Co., Ltd.",182100,12527165,2281196746500,2281196746500,01649204,20423,12,CFS,KRW,standard,79053534113.0,198554792679.0,15408977423.0,102069072470.0,2629.0,6594.0,41.1,True,20260331,,1,False
001720,신영증권,"SHINYOUNG SECURITIES CO.,LTD",138000,16440000,2268720000000,2268720000000,00136721,66121,03,CFS,KRW,standard,108625211917.0,1756981842004.0,142649513102.0,1612823517609.0,5000.0,13618.0,36.9,True,20260622,,1,True
005850,에스엘,SL CORPORATION,48300,46448520,2243463516000,2243463516000,00125521,303,12,CFS,KRW,standard,310834472376.0,2552540824483.0,368357798821.0,2299756239403.0,2770.0,6749.0,41.0,True,20260327,,1,False
018670,SK가스,SK GAS LTD,240500,9269244,2229253182000,2229253182000,00144164,46713,12,CFS,KRW,standard,235249768492.0,2928065570208.0,194021587568.0,2778660491314.0,9000.0,26176.0,34.5,True,20260324,,1,False
279570,케이뱅크,Kbank,5350,405695151,2170469057850,2170469057850,01203312,64121,12,OFS,KRW,OFS totals,112609000000.0,2171766000000.0,128053000000.0,1995845000000.0,0.0,294.0,0.0,False,,,0,True
103140,풍산,POONGSAN CORPORATION,76700,28024278,2149462122600,2149462122600,00684714,242,12,CFS,KRW,standard,147164434318.0,2298131546597.0,236045982790.0,2199301948907.0,1700.0,5388.0,31.6,False,,,0,False
204320,HL만도,"HL Mando CO.,LTD",45500,46957120,2136548960000,2136548960000,01042775,303,12,CFS,KRW,standard,100037573498.0,2713805689016.0,129930183944.0,2518549871228.0,750.0,2130.0,35.2,False,,,0,False
009970,영원무역홀딩스,"Youngone Holdings Co., Ltd",163400,12953817,2116653697800,2116653697800,00140964,64992,12,CFS,KRW,standard,367684364214.0,3015191834807.0,333959735242.0,2714895195388.0,6576.0,31684.0,20.8,True,20250825,,2,False
112610,씨에스윈드,CS Wind Corporation,50100,42171403,2112787290300,2112787290300,00670340,2511,12,CFS,KRW,standard,34701475321.0,1153059191962.0,142294111286.0,1148662127810.0,1000.0,837.0,119.4,True,20260326,,1,False
020150,롯데에너지머티리얼즈,LOTTE ENERGY MATERIALS CORPORATION,40150,52365463,2102473339450,2102473339450,00113997,2629,12,CFS,KRW,standard,-157547443197.0,1655962401438.0,6299146309.0,1333628025233.0,0.0,-3065.0,0.0,False,,,0,False
069960,현대백화점,"HYUNDAI DEPARTMENT STORE CO.,LTD",96400,21564912,2078857516800,2078857516800,00428251,47111,12,CFS,KRW,standard,207666979000.0,4549528552000.0,-35946510000.0,4395369423000.0,2150.0,9572.0,22.3,True,20241107,,2,False
051600,한전KPS,"KEPCO Plant Service & Engineering Co., Ltd",45750,45000000,2058750000000,2058750000000,00159218,42311,12,CFS,KRW,standard,124231434985.0,1345765710536.0,172438789905.0,1328411823106.0,1651.0,2761.0,59.8,True,20250220,,2,False
030000,제일기획,Cheil Worldwide Inc,17680,115041225,2033928858000,2033928858000,00148276,71310,12,CFS,KRW,standard,207545863918.0,1572341881326.0,207516530912.0,1457996568297.0,1230.0,2049.0,60.0,True,20260319,,1,False
002790,아모레퍼시픽홀딩스,AMOREPACIFIC Holdings Corp.,26350,76458180,2014673043000,2241155968960,00154462,20423,12,CFS,KRW,standard,124038133589.0,3482154028036.0,252032886627.0,3335589438539.0,400.0,1361.0,30.5,True,20241112,20241031,4,False
081660,미스토홀딩스,Misto Holdings Corporation,37750,53091840,2004216960000,2004216960000,00195229,464,12,CFS,KRW,standard,224306276502.0,1932141962003.0,84220106878.0,2005208821773.0,1980.0,4061.0,46.97,True,20260423,,1,False
139480,이마트,E-MART Inc.,71400,27595819,1970341476600,1970341476600,00872984,471,12,CFS,KRW,standard,136191668992.0,10999057243294.0,-590019504443.0,10390572925028.0,2500.0,5084.0,49.2,True,20250211,,3,False
229640,LS에코에너지,LS Eco Energy Ltd.,64000,30624879,1959992256000,1959992256000,01093007,64992,12,CFS,KRW,standard,42064947281.0,209188487673.0,31238497162.0,183406928558.0,250.0,1387.0,18.2,False,,,0,False
457190,이수스페셜티케미컬,"ISU SPECIALTY CHEMICAL CO., LTD.",63800,30218872,1927964033600,1927964033600,01762569,20111,12,CFS,KRW,"no NCI, NI = total NI",769523000.0,132855533000.0,10511892000.0,121654548000.0,0.0,26.0,0.0,False,,,0,False
007070,GS리테일,"GS Retail Co.,Ltd",22800,83607415,1906249062000,1906249062000,00140177,47122,12,CFS,KRW,standard,43432989490.0,3284403082178.0,2547581467.0,3206848365293.0,600.0,520.0,115.4,True,20260320,,2,False
073240,금호타이어,"KUMHO TIRE CO., INC.",6570,287260287,1887300085590,1887300085590,00481454,221,12,CFS,KRW,standard,347392549367.0,2029382614832.0,324873519111.0,1720557575377.0,0.0,1209.0,0.0,False,,,0,False
462870,시프트업,SHIFT UP Corporation.,31550,58741890,1853306629500,1853306629500,01384787,58212,12,CFS,KRW,standard,191430447697.0,921190987215.0,147973272692.0,764404135605.0,0.0,3293.0,0.0,False,,,0,False
181710,NHN,NHN Corporation,56000,32328965,1810422040000,1810422040000,00983271,5821,12,CFS,KRW,standard,32091574976.0,1463109810462.0,-132530342697.0,1451486782014.0,500.0,1023.0,48.0,True,20260326,,1,False
089860,롯데렌탈,"LOTTE rental co., ltd.",49650,36309388,1802761114200,1802761114200,00545716,76110,12,CFS,KRW,standard,127605882990.0,1565856399823.0,106775661696.0,1477175962572.0,1200.0,3514.0,34.1,True,20240927,,2,False
439260,대한조선,"DAEHAN SHIPBUILDING Co., Ltd.",45500,38088730,1733037215000,1733037215000,00182696,3111,12,CFS,KRW,standard,248774797154.0,1092384070191.0,172651288145.0,453443097219.0,250.0,7314.0,3.9,False,,,0,False
475150,SK이터닉스,"SK eternix Co., Ltd.",50800,34067004,1730603803200,1730603803200,01817081,411,12,CFS,KRW,standard,30721781368.0,273040531600.0,22380995585.0,241972753239.0,0.0,911.0,0.0,False,,,0,False
020560,아시아나항공,Asiana Airlines Inc.,8360,205990711,1722082343960,1722082343960,00138792,511,12,CFS,KRW,standard,-283040150607.0,746011964129.0,-419231418105.0,895887715935.0,0.0,-1446.0,0.0,False,,,0,False
281820,케이씨텍,"KCTECH CO., LTD",86800,19798661,1718523774800,1718523774800,01261893,272,12,CFS,KRW,"no NCI line, equity = total",53392149112.0,530239452127.0,52685900043.0,481848727958.0,450.0,2686.0,16.6,False,,,0,False
023590,다우기술,DAOU TECHNOLOGY INC,39200,43287312,1696862630400,1696862630400,00176914,631,12,CFS,KRW,standard,505182368263.0,3446435267021.0,355835455442.0,2887288844494.0,1800.0,11707.0,15.4,False,,,0,False
071970,HD현대마린엔진,"HD-Hyundai Marine Engine Co., Ltd.",49000,33921495,1662153255000,1662153255000,00406046,29119,12,CFS,KRW,standard,165101642055.0,488912211304.0,75775091634.0,309374582999.0,0.0,4867.0,0.0,False,,,0,False
120110,코오롱인더,"KOLON INDUSTRIES, INC.",54200,29946032,1623074934400,1692686613400,00795135,205,12,CFS,KRW,standard,38285727516.0,3927572301339.0,98606106934.0,3645874111195.0,1300.0,225.0,103.18,True,20260806,,1,False
000120,CJ대한통운,CJ Logistics Corporation ,69800,22812344,1592301611200,1592301611200,00113410,493,12,CFS,KRW,standard,242080917610.0,4145790841567.0,248485572988.0,3948805108252.0,800.0,11347.0,6.6,False,,,0,False
001430,세아베스틸지주,SeAH Besteel Holdings Corporation,44300,35862119,1588691871700,1588691871700,00106669,2411,12,CFS,KRW,standard,56196198013.0,1943429767141.0,20236627791.0,1939752530391.0,1200.0,1567.0,68.6,True,20241119,20240913,4,False
008770,호텔신라,"HOTEL SHILLA CO.,LTD",40150,39248121,1575812058150,1596676700400,00165680,47859,12,CFS,KRW,standard,-172848462361.0,1106187826622.0,-61504525835.0,1284309127658.0,0.0,-4566.0,0.0,False,,,0,False
294870,IPARK현대산업개발,IPARK HYUNDAI DEVELOPMENT COMPANY,23700,65907330,1562003721000,1562003721000,01310269,411,12,CFS,KRW,standard,158148718419.0,3212755613173.0,155717171971.0,3114585393894.0,700.0,2580.0,27.8,False,,,0,False
007810,코리아써키트,"KOREA CIRCUIT CO.,LTD",65100,23982620,1561268562000,1628428696050,00152686,2622,12,CFS,KRW,standard,47251781829.0,439819668845.0,-125918413910.0,379014576464.0,100.0,1726.0,5.1,False,,,0,False
001120,LX인터내셔널,LX INTERNATIONAL CORP.,40200,38760000,1558152000000,1558152000000,00120076,4610,12,CFS,KRW,standard,141810366263.0,2771998158385.0,175694960423.0,2660265136883.0,2000.0,3943.0,50.7,True,20260326,,1,False
006040,동원산업,"DONGWON INDUSTRIES CO.,LTD",35200,44140819,1553756828800,1553756828800,00118026,64992,12,CFS,KRW,standard,367034847342.0,3528034485558.0,75281008554.0,2796141886568.0,1150.0,8793.0,13.83,True,20241127,,1,False
001820,삼화콘덴서,"SAMWHA CAPACITOR CO.,LTD",146900,10395000,1527025500000,1527025500000,00129350,26291,12,CFS,KRW,standard,12532615062.0,277559511155.0,21824954383.0,265211664924.0,500.0,1221.0,41.4,True,20260327,,1,False
012630,HDC,"HDC HOLDINGS CO.,Ltd",25450,59741721,1520426799450,1520426799450,00164636,649,12,CFS,KRW,standard,300976366813.0,2920918753025.0,146351546970.0,2640848273943.0,450.0,6057.0,,False,,,0,True
093370,후성,"FOOSUNG CO.,LTD",13950,107255330,1496211853500,1496211853500,00595191,20129,12,CFS,KRW,standard,5311668698.0,334379444716.0,-69357619388.0,326536149542.0,0.0,50.0,0.0,False,,,0,False
006280,녹십자,GC Biopharma Corp.,123300,11686538,1440950135400,1440950135400,00129679,212,12,CFS,KRW,standard,-4673833010.0,1217477204977.0,-26280215151.0,1252644924139.0,1500.0,-410.0,,False,,,0,False
001800,오리온홀딩스,ORION Holdings Corp.,23750,60156652,1428720485000,1428720485000,00117577,649,12,CFS,KRW,standard,120991845518.0,2463569687398.0,160636402912.0,2370781238350.0,1100.0,1529.0,54.69,True,20260326,,1,True
011210,현대위아,HYUNDAI WIA,52500,27195083,1427741857500,1427741857500,00106623,303,12,CFS,KRW,standard,99017000000.0,3610648000000.0,120435000000.0,3597615000000.0,1200.0,3716.0,32.2,False,,,0,False
361610,SK아이이테크놀로지,"SK ie technology Co., Ltd.",17170,81787100,1404284507000,1404284507000,01386916,282,12,CFS,KRW,standard,-211417928000.0,2601445266000.0,-246615236000.0,2324557015000.0,0.0,-2800.0,0.0,False,,,0,False
005070,코스모신소재,"COSMO ADVANCED MATERIALS & TECHNOLOGY CO., LTD",41550,33214571,1380065425050,1380065425050,00129989,204,12,OFS,KRW,OFS totals,-522850678.0,496843668444.0,17647535995.0,495532641195.0,0.0,-16.0,0.0,False,,,0,False
298020,효성티앤씨,Hyosung TNC Corporation,311500,4327682,1348072943000,1348072943000,01316227,2050,12,CFS,KRW,standard,10814653783.0,1564865456680.0,134541835226.0,1458970619299.0,10100.0,2517.0,400.83,True,20250331,20250108,3,False
322000,HD현대에너지솔루션,"HD HYUNDAI ENERGY SOLUTIONS CO.,LTD.",120100,11200000,1345120000000,1345120000000,01199550,2612,12,CFS,KRW,"no NCI, NI = total NI",41676678809.0,417784216586.0,114228449.0,369683769362.0,0.0,3721.0,0.0,False,,,0,False
097230,HJ중공업,"HJ SHIPBUILDING & CONSTRUCTION CO.,LTD",14660,90295344,1323729743040,1323729743040,00633835,41221,12,CFS,KRW,standard,51434000000.0,669629000000.0,5343000000.0,343448000000.0,0.0,570.0,0.0,False,,,0,False
007310,오뚜기,OTOKI CORPORATION,311500,4007830,1248439045000,1248439045000,00141529,108,12,CFS,KRW,standard,69218019894.0,2074266342959.0,136697686650.0,2053882013247.0,9000.0,20279.0,44.72,True,20260327,,1,False
003540,대신증권,"DAISHIN SECURITIES CO.,LTD",26050,47666126,1241702582300,1920230982860,00110893,66121,12,CFS,KRW,standard,186611961000.0,4054118668000.0,144817600000.0,3320378412000.0,1200.0,2413.0,51.0,True,20250313,,3,True
192080,더블유게임즈,"DoubleUGames Co., Ltd.",58300,21173468,1234413184400,1234413184400,01010110,5821,12,CFS,KRW,standard,131254556348.0,1185854990030.0,187182055816.0,1131377820155.0,1200.0,6651.0,17.6,False,,,0,False
069620,대웅제약,DAEWOONG PHARMA,106200,11586575,1230494265000,1230494265000,00427483,212,12,CFS,KRW,standard,195855574637.0,1006093316943.0,24734510693.0,794574152015.0,600.0,17022.0,3.5,False,,,0,False
001740,SK네트웍스,SKNetworksCompanyLimited,6070,200593889,1217604906230,1217604906230,00131780,467,12,CFS,KRW,standard,49821000000.0,2023759000000.0,47835000000.0,2054203000000.0,250.0,257.0,97.0,True,20241031,,2,False
300720,한일시멘트,"HANILCEMENTCO.,LTD.",16130,73545209,1186284221170,1186284221170,01319808,23311,12,CFS,KRW,standard,74200361247.0,1868385838037.0,184052294155.0,1719460569894.0,1000.0,1061.0,99.11,True,20260319,,1,False
280360,롯데웰푸드,"LOTTE WELLFOOD CO.,LTD",124300,9204574,1144128548200,1144128548200,01258507,108,12,CFS,KRW,standard,72288767366.0,2190932453415.0,84616418965.0,2134741929192.0,3300.0,8176.0,40.36,True,20241017,,2,False
030610,교보증권,"KYOBO SECURITIES CO.,LTD.",10000,113962961,1139629610000,1139629610000,00113359,66121,12,CFS,KRW,standard,142910816000.0,2118939049000.0,117678416000.0,1985723994000.0,550.0,1266.0,43.44,False,,,0,True
004000,롯데정밀화학,"LOTTE Fine Chemical Co., Ltd.",43100,25800000,1111980000000,1111980000000,00157681,20119,12,CFS,KRW,standard,106092942018.0,2435737106786.0,36380501672.0,2368686673109.0,1500.0,4165.0,36.0,False,,,0,False
000210,DL,"DL Holdings CO.,LTD",50500,20955884,1058272142000,1100087794000,00109693,20111,12,CFS,KRW,standard,-88007769786.0,4021543844050.0,89366024952.0,4108254722341.0,0.0,-3895.0,0.0,False,,,0,False
006340,대원전선,"DAWON CABLE CO.,LTD",13490,78414416,1057810471840,1084127319840,00260392,28302,12,CFS,KRW,standard,8776112732.0,129046506917.0,6794390393.0,113845590709.0,0.0,113.0,0.0,False,,,0,False
000080,하이트진로,HITE JINRO,15030,70133611,1054108173330,1068020172110,00150244,11122,12,CFS,KRW,standard,41492231483.0,1121101872935.0,95866949188.0,1126847810711.0,700.0,596.0,117.86,True,20260327,,1,False
006120,SK디스커버리,"SK Discovery Co.,Ltd.",60300,17413751,1050049185300,1101534454300,00131832,64992,12,CFS,KRW,standard,129346876663.0,2907925661951.0,36470741785.0,2852636950788.0,2000.0,6866.0,28.4,True,20260327,,1,False
017960,한국카본,"HANKUK CARBON CO.,LTD",20250,51676486,1046448841500,1046448841500,00159795,2512,12,CFS,KRW,standard,101743537476.0,580170310439.0,20321351760.0,474286350797.0,320.0,2043.0,15.84,False,,,0,False
195870,해성디에스,"HAESUNG DS Co.,Ltd.",61200,17000000,1040400000000,1040400000000,01032413,262,12,CFS,KRW,standard,23820804171.0,564369713446.0,58697149418.0,556276567172.0,900.0,1401.0,64.23,True,20260326,,1,False
003160,디아이,DI CORPORATION,36750,28300000,1040025000000,1040025000000,00118275,27212,12,CFS,KRW,standard,5095642324.0,163568120352.0,1095356869.0,153553412407.0,250.0,196.0,127.6,True,20260320,,1,False
003240,태광산업,"TAEKWANG INDUSTRIAL CO.,LTD",910000,1113400,1013194000000,1013194000000,00153393,20501,12,CFS,KRW,standard,80823968992.0,3930042875280.0,214531185570.0,3929246831442.0,1750.0,98789.0,1.77,True,20260813,20260312,2,False
003530,한화투자증권,"HANWHA INVESTMENT&SECURITIES CO.,LTD",4585,214547775,983701548375,1014661548375,00148610,66121,12,CFS,KRW,standard,,2068202000000.0,,1706223000000.0,0.0,467.0,0.0,False,,,0,True
192400,쿠쿠홀딩스,"Cuckoo Holdings Co.,Ltd",27250,35562185,969069541250,969069541250,00132354,649,12,CFS,KRW,standard,145594260842.0,1321655030636.0,137306911468.0,1196444686567.0,1550.0,4685.0,33.09,True,20260325,,1,True
009240,한샘,"HANSSEM CO.,LTD.",39800,23533928,936650334400,936650334400,00161693,46431,12,CFS,KRW,standard,46281084361.0,399759358345.0,151137006442.0,350663939878.0,0.0,2808.0,0.0,False,,,0,False
032350,롯데관광개발,"LOTTE TOUR DEVELOPMENT CO.,LTD",11730,79725458,935179622340,935179622340,00231372,75210,12,CFS,KRW,standard,27764866268.0,372015011925.0,-116574637396.0,316682433511.0,0.0,356.0,0.0,False,,,0,False
003090,대웅,"DAEWOONG CO.,LTD",15890,58141980,923876062200,923876062200,00111810,212,12,CFS,KRW,standard,175062902534.0,1176637791557.0,57885500089.0,996506946105.0,200.0,4280.0,4.7,False,,,0,False
030190,NICE평가정보,"NICE Information Service Co., Ltd.",15590,58268741,908409672190,908409672190,00158325,63991,12,CFS,KRW,standard,77165549360.0,463851957374.0,76108000803.0,411950770230.0,510.0,1317.0,38.2,True,20250423,,3,False
071320,지역난방공사,KOREA DISTRICT HEATING CORPORATION,78200,11578744,905457780800,905457780800,00159698,35300,12,CFS,KRW,standard,338886000000.0,2301416000000.0,210167000000.0,2267100000000.0,6157.0,26268.0,21.0,True,20241226,20240823,4,False
185750,종근당,Chong Kun Dang Pharmaceutical Corp.,64900,13802780,895800422000,895800422000,00992871,212,12,CFS,KRW,standard,77508541109.0,1003754624298.0,109072842041.0,893968875278.0,500.0,5882.0,8.5,False,,,0,False
005300,롯데칠성,"LOTTE CHILSUNG BEVERAGE CO.,LTD",95800,9278884,888917087200,939467299200,00120571,11209,12,CFS,KRW,standard,47225968028.0,1521797341877.0,59101609655.0,1498899096691.0,3400.0,4697.0,72.4,True,20241016,,2,False
000370,한화손해보험,"Hanwha General Insurance Co., Ltd.",7610,116738915,888383143150,888383143150,00135917,65121,12,CFS,KRW,standard,299017018000.0,2669558297000.0,343005703000.0,2866527338000.0,0.0,1858.0,0.0,False,,,0,True
034230,파라다이스,"PARADISE.Co.,Ltd.",9540,92629382,883684304280,883684304280,00171265,91249,12,CFS,KRW,standard,94356432212.0,1723898099284.0,75553488659.0,1635744104531.0,150.0,1087.0,13.9,True,20250328,,1,False
077970,STX엔진,"STX Engine Co,.Ltd",21950,40148063,881249982850,881249982850,00480455,29111,12,CFS,KRW,standard,68948215486.0,342971092433.0,27215787172.0,276569773273.0,0.0,1793.0,0.0,False,,,0,False
009450,경동나비엔,"KYUNG DONG NAVIEN CO.,LTD",60200,14568592,877029238400,877029238400,00101488,28520,12,CFS,KRW,alt NI id,89698872406.0,770495485591.0,124340920975.0,695417009624.0,750.0,6206.0,12.08,False,,,0,False
003570,SNT다이내믹스,"SNT DYNAMICS CO.,Ltd",26050,33252697,866232756850,866232756850,00134477,30331,12,CFS,KRW,standard,61574936460.0,866792976548.0,96131825495.0,790344489614.0,1800.0,2696.0,67.1,True,20260303,,1,False
285130,SK케미칼,"SK Chemicals Co., Ltd.",50000,17298766,864938300000,918564425150,01267170,20202,12,CFS,KRW,standard,44645811433.0,2259328664799.0,8838745406.0,2200693238164.0,1150.0,2306.0,50.1,True,20260325,,1,False
079160,CJ CGV,"CJ CGV CO.,LTD.",5180,165582797,857718888460,857718888460,00303873,59141,12,CFS,KRW,standard,-143794624591.0,570202441570.0,-171035292991.0,691676694935.0,0.0,-964.0,0.0,False,,,0,False
003470,유안타증권,"Yuanta Securities Korea Co., Ltd.",4410,192680102,849719249820,904039458620,00117601,66121,12,CFS,KRW,standard,95631538000.0,1905932821000.0,73049835000.0,1634308431000.0,220.0,443.0,48.0,True,20241210,,2,True
004490,세방전지,"SEBANG GLOBAL BATTERY CO.,LTD",59300,13860000,821898000000,821898000000,00133858,28202,12,CFS,KRW,standard,141070751329.0,1624569598302.0,169418300596.0,1469354210786.0,2650.0,10646.0,25.01,True,20251127,,2,False
006110,삼아알미늄,"SAMA ALUMINIUM CO.,LTD",53900,15123455,815154224500,815154224500,00126779,24222,12,CFS,KRW,standard,-24888579643.0,217939022961.0,-9355451369.0,243610317884.0,25.0,-1692.0,,False,,,0,False
000670,영풍,YOUNGPOONG CORPORATION,43300,18410683,797182573900,797182573900,00141307,24213,12,CFS,KRW,standard,-8302537183.0,3596920882242.0,-252140554081.0,3588874693479.0,5.0,-464.0,-1.07,False,,,0,False
100840,SNT에너지,"SNTEnergy Co.,Ltd.",36700,20680783,758984736100,758984736100,00648721,29176,12,CFS,KRW,standard,84373067879.0,364744033303.0,34636527846.0,306281786285.0,1150.0,4270.0,26.9,True,20260303,,1,False
005690,파미셀,"Pharmicell Co.,Ltd.",12540,60004014,752450335560,752450335560,00145163,262,12,OFS,KRW,OFS totals,40288986397.0,123877690491.0,6331277009.0,86439169857.0,50.0,,,False,,,0,False
005180,빙그레,"BINGGRAE CO.,LTD",84300,8841801,745363824300,745363824300,00124726,104,12,CFS,KRW,standard,55565434852.0,743761731819.0,103226927609.0,721843501869.0,3300.0,6284.0,52.5,True,20260304,,1,False
036530,SNT홀딩스,"SNT Holdings CO.,LTD ",45500,16303886,741826813000,741826813000,00225159,64992,12,CFS,KRW,standard,129921212176.0,1378207193892.0,142933657592.0,1236309485655.0,3000.0,8924.0,33.85,True,20260303,,1,False
137310,에스디바이오센서,SD BIOSENSOR  INC.,6070,120749102,732947049140,732947049140,00854997,27112,12,CFS,KRW,standard,-512106082396.0,2329681445818.0,-98410897573.0,2923334168429.0,200.0,-4346.0,,False,,,0,False
499790,GS피앤엘,"GS P&L Co., Ltd.",36700,19830841,727791864700,727791864700,01882845,64992,12,CFS,KRW,standard,19371206401.0,854876608787.0,-932209821.0,836533853138.0,350.0,979.0,35.7,True,20260319,,1,False
214320,이노션,INNOCEAN WORLDWIDE INC.,18050,40000000,722000000000,722000000000,00565154,71310,12,CFS,KRW,standard,91762335304.0,1064713851835.0,100252830933.0,1001998693589.0,1175.0,2294.0,51.2,True,20260319,,1,False
298050,HS효성첨단소재,HS HYOSUNG ADVANCED MATERIALS,159500,4479948,714551706000,714551706000,01316254,205,12,CFS,KRW,standard,-21639256726.0,807642101887.0,49836702564.0,1044552575520.0,2500.0,-4843.0,,False,,,0,False
094800,맵스리얼티,MIRAEASSET MAPS REALTY INVESTMENT COMPANY,7690,92834331,713896005390,713896005390,00600013,642,12,,,,,,,,,,,False,,,0,True
003850,보령,Boryung Corporation,8280,85787207,710318073960,710318073960,00123143,212,12,CFS,KRW,standard,64302934599.0,845502782078.0,69633253502.0,784503260930.0,160.0,766.0,21.02,False,,,0,False
100090,SK오션플랜트,"SK oceanplant Co.,Ltd",11360,62478129,709751545440,709751545440,00480367,2413,12,CFS,KRW,standard,37796105089.0,814544413186.0,16389910603.0,708802695144.0,0.0,625.0,0.0,False,,,0,False
005090,SGC에너지,"SGC Energy Co.,Ltd.",48900,14409333,704616383700,704616383700,00125150,351,12,CFS,KRW,standard,-61375064482.0,701160432134.0,65014185123.0,757610118749.0,1300.0,-4260.0,,False,,,0,False
456040,OCI,OCI Company Ltd.,76900,8952495,688446865500,688446865500,01760738,20129,12,CFS,KRW,standard,-62613349000.0,1126635714000.0,96033037000.0,1207710151000.0,0.0,-6994.0,0.0,False,,,0,False
090460,비에이치,"BHCo.,Ltd.",20250,33711538,682658644500,682658644500,00447609,2622,12,CFS,KRW,standard,31028277613.0,748414496807.0,67029049848.0,715074016238.0,250.0,991.0,26.15,False,,,0,False
064960,SNT모티브,"SNT MOTIV CO.,LTD",25500,26540272,676776936000,676776936000,00398792,303,12,CFS,KRW,standard,69627574785.0,1013770948783.0,104345991126.0,984795341182.0,1700.0,2921.0,58.2,True,20260303,,1,False
268280,미원에스씨,"Miwon Specialty Chemical Co., Ltd.",133600,5000000,668000000000,668000000000,01234297,201,12,CFS,KRW,"no NCI, NI = total NI",61302751052.0,448498102489.0,54566854188.0,406341856929.0,3200.0,12662.0,25.2,True,20260320,,1,False
002960,한국쉘석유,"HANKOOK SHELL OIL CO.,LTD",510000,1300000,663000000000,663000000000,00158149,19221,12,OFS,KRW,OFS totals,48227962489.0,140361831154.0,36654972144.0,127275601718.0,36000.0,,,True,20260330,,1,False
069260,TKG휴켐스,"TKG Huchems Co.,Ltd.",16200,40878588,662233125600,662233125600,00426086,2049,12,CFS,KRW,standard,59907479411.0,902131284831.0,77655464459.0,867980071112.0,1000.0,1561.0,64.8,True,20260326,,1,False
005880,대한해운,KOREA LINE CORPORATION,1986,322747340,640976217240,640976217240,00113535,50112,12,CFS,KRW,standard,180205305119.0,2157268023936.0,162090224993.0,2019939938796.0,0.0,560.0,0.0,False,,,0,False
001570,금양,"KUMYANG CO.,LTD",9900,63967196,633275240400,633275240400,00106119,201,12,CFS,KRW,standard,-65798112946.0,458782762542.0,-140110721569.0,489922825099.0,0.0,-1071.0,0.0,False,,,0,False
093050,LF,LF Corp.,21650,29240000,633046000000,633046000000,00593032,14111,12,CFS,KRW,standard,98892646618.0,1630803463666.0,75471464161.0,1571705372065.0,700.0,3646.0,18.9,False,,,0,False
017940,E1,E1 Corporation,91700,6860000,629062000000,629062000000,00165583,46713,12,CFS,KRW,standard,104790066993.0,2022023758134.0,69978171352.0,1940259222436.0,4550.0,18124.0,25.1,True,20260327,,1,False
453340,현대그린푸드,"HYUNDAI GREEN FOOD CO., LTD",19340,32471587,628000492580,628000492580,01721809,471,12,CFS,KRW,standard,87177163000.0,729519039000.0,74041687000.0,670079872000.0,676.0,2654.0,25.21,True,20241107,,3,False
000400,롯데손해보험,"Lotte Non-Life Insurance Co., Ltd.",2015,310336320,625327684800,625327684800,00113562,65121,12,OFS,KRW,OFS totals,51331000000.0,613504000000.0,24222000000.0,794239000000.0,0.0,158.0,0.0,False,,,0,True
001060,JW중외제약,JW PHARMACEUTICAL,26850,23285930,625227220500,643376274850,00149947,212,12,CFS,KRW,equity = total - NCI,61511192817.0,369369598685.0,65040120873.0,329486740925.0,650.0,2534.0,25.5,True,20250421,,2,False
000640,동아쏘시오홀딩스,"Dong-A Socio Holdings Co.,Ltd",92600,6732527,623432000200,623432000200,00116824,64992,12,CFS,KRW,standard,90944551526.0,1136697422982.0,58022061478.0,1049611141125.0,1700.0,14130.0,12.14,False,,,0,False
248070,솔루엠,"SOLUM CO., LTD.",13000,47816236,621611068000,621611068000,01159233,2629,12,CFS,KRW,standard,13443384959.0,548018242283.0,39515509849.0,433686183870.0,75.0,281.0,47.51,True,20260401,,1,False
383800,LX홀딩스,LX Holdings Corp.,8130,76280690,620162009700,631063730100,01562589,64992,12,CFS,KRW,standard,135595000000.0,2000182000000.0,160279000000.0,1869328000000.0,290.0,1745.0,16.6,False,,,0,False
079900,전진건설로봇,"JUNJIN CONSTRUCTION & ROBOT CO., LTD.",42300,14592545,617264653500,617264653500,00372129,292,12,CFS,KRW,standard,31538415082.0,155476734973.0,31342303551.0,150994898074.0,1389.0,2172.0,64.0,True,20260327,,1,False
001680,대상,DAESANG CORPORATION,17810,34648025,617081325250,636826238680,00121941,108,12,CFS,KRW,standard,-304248500176.0,1070920927612.0,95184559840.0,1421433807108.0,850.0,-8447.0,,False,,,0,False
002840,미원상사,"MIWON COMMERCIAL CO.,LTD",136600,4500000,614700000000,614700000000,00121932,204,12,CFS,KRW,equity = total - NCI,43521733029.0,416384564328.0,50549440013.0,400463662799.0,2400.0,9449.0,25.16,True,20260324,,1,False
317450,명인제약,"MYUNGIN PHARM.CO., LTD",42000,14600000,613200000000,613200000000,00179489,21212,12,CFS,KRW,standard,81435216634.0,794378106390.0,68670651454.0,531820520796.0,1500.0,6718.0,26.89,True,20260327,,1,False
014820,동원시스템즈,Dongwon Systems Corporation,20800,28991282,603018665600,606636986300,00132637,222,12,CFS,KRW,standard,53673113010.0,862085652205.0,72413981495.0,835097773041.0,600.0,1834.0,32.73,True,20250411,,2,False
108320,LX세미콘,"LX Semicon Co., Ltd.",36550,16264300,594460165000,594460165000,00525934,2612,12,CFS,KRW,standard,82633081344.0,1125606564582.0,130509153930.0,1079586526506.0,1500.0,5081.0,29.5,False,,,0,False
006650,대한유화,"KOREA PETRO CHEMICAL IND CO.,LTD",90800,6500000,590200000000,590200000000,00260383,20111,12,CFS,KRW,standard,31707515763.0,1834934631352.0,-8528518983.0,1807642130951.0,1300.0,5134.0,25.3,True,20260313,,1,False
017900,광전자,AUK CORP,9880,57943763,572484378440,572484378440,00152729,2612,12,CFS,KRW,standard,4256503122.0,240951214682.0,10548458386.0,239043668272.0,50.0,85.0,59.2,True,20260327,,1,False
025540,한국단자,"KOREA ELECTRIC TERMINAL CO.,LTD",56000,10115000,566440000000,566440000000,00157070,2812,12,CFS,KRW,standard,105999570000.0,1161482308000.0,142210654000.0,1076096945000.0,3200.0,10443.0,30.49,True,20260320,,1,False
075580,세진중공업,"SEJIN HEAVY INDUSTRIES CO., LTD.",9960,56849456,566220581760,566220581760,00415628,31114,12,CFS,KRW,standard,50680948614.0,228470597668.0,11350707867.0,187779700593.0,225.0,891.0,21.4,True,20260331,,1,False
033240,자화전자,"JAHWA ELECTRONICS CO.,LTD",25800,21605502,557421951600,557421951600,00146861,26292,12,CFS,KRW,standard,47130953122.0,444654820562.0,16619189828.0,400535743755.0,0.0,2284.0,0.0,False,,,0,False
192650,드림텍,"DREAMTECH CO.,LTD.",8450,65886829,556743705050,556743705050,00415646,2629,12,CFS,KRW,standard,92224338.0,371253161502.0,3889168877.0,406158780438.0,0.0,1.0,0.0,True,20241030,,3,False
016380,KG스틸,"KG DONGBUSTEEL CO., LTD.",5550,100008897,555049378350,555049378350,00115676,24122,12,CFS,KRW,standard,135114344324.0,2056207915880.0,133372612713.0,1961290470885.0,300.0,1379.0,21.8,True,20250211,,1,False
114090,GKL,"Grand Korea Leisure Co.,Ltd",8860,61855670,548041236200,548041236200,00557508,91249,12,CFS,KRW,standard,47072361742.0,441452020522.0,33060332413.0,413545764357.0,414.0,761.0,54.4,True,20260330,,1,False
002350,넥센타이어,NEXEN TIRE CORPORATION,5590,97667877,545963432430,571573432430,00173874,221,12,CFS,KRW,standard,150831871349.0,2049843708852.0,126365075538.0,1862206390174.0,200.0,1469.0,13.7,False,,,0,False
0220W0,한화머시너리앤서비스홀딩스,"Hanwha Machinery & Service Holdings Co., Ltd",6400,84515535,540899424000,599524491200,02042949,64992,12,,,,,,,,,,,False,,,0,False
003300,한일홀딩스,"HANIL HOLDINGS CO.,LTD.",17510,30831444,539858584440,539858584440,00162993,23311,12,CFS,KRW,standard,31568668948.0,1679508026254.0,118763549838.0,1630533886513.0,1000.0,1024.0,97.66,True,20260319,,1,False
284740,쿠쿠홈시스,"CUCKOO HOMESYS CO.,LTD",24000,22437330,538495920000,538495920000,01267684,762,12,CFS,KRW,standard,119513787746.0,1084631130175.0,127047190250.0,958420242812.0,1200.0,5330.0,22.51,False,,,0,False
001270,부국증권,"BOOKOOK SECURITIES CO.,LTD",51800,10369886,537160094800,627310094800,00123772,66121,12,CFS,KRW,standard,,833182393220.0,,770195668043.0,2400.0,5109.0,47.14,True,20260330,,1,True
001510,SK증권,"SK SECURITIES CO.,LTD",2320,231295085,536604597200,544429625200,00131850,66121,12,CFS,KRW,standard,28818770574.0,602394974044.0,-82546404429.0,550995937275.0,0.0,69.0,0.0,False,,,0,True
452260,한화갤러리아,HANWHA GALLERIA CORPORATION,2765,193859610,536021821650,549266204850,01722437,47111,12,CFS,KRW,standard,3312714308.0,824636627293.0,-17523111686.0,805068748083.0,0.0,17.0,0.0,False,,,0,False
336370,솔루스첨단소재,Solus Advanced Materials Co. Ltd.,7620,70212298,535017710760,568577311600,01412822,26299,12,CFS,KRW,standard,-66861549709.0,689374929924.0,4640738684.0,772199505536.0,0.0,-736.0,5.9,True,20260428,,1,False
178920,PI첨단소재,"PI Advanced Materials Co., Ltd.",18200,29366322,534467060400,534467060400,00767460,2221,12,OFS,KRW,OFS totals,30385165747.0,355154473586.0,22271672089.0,335159977783.0,350.0,1035.0,,False,,,0,False
005810,풍산홀딩스,POONGSAN HOLDINGS CORPORATION,36750,14417292,529835481000,529835481000,00155531,64992,12,CFS,KRW,standard,74442846379.0,1162602582658.0,99668419622.0,1105236664785.0,1600.0,5389.0,29.5,True,20260323,,1,False
004710,한솔테크닉스,"Hansol Technics Co., Ltd",9900,53043517,525130818300,525130818300,00157399,26299,12,CFS,KRW,standard,-13704297504.0,301193640096.0,6716935212.0,367723900659.0,100.0,-436.0,566.92,False,,,0,False
001530,DI동일,DI DONG IL CORPORATION,25100,20715621,519962087100,519962087100,00118345,46103,12,CFS,KRW,standard,-9732373079.0,518391105714.0,1597064942.0,560652809889.0,100.0,-492.0,,True,20250310,,1,False
007700,F&F홀딩스,"F&F Holdings Co., Ltd.",13280,39114367,519438793760,519438793760,00126487,64992,12,CFS,KRW,standard,125724901800.0,2312118904091.0,106955966802.0,2208224262472.0,500.0,3218.0,15.54,True,20260630,,1,False
009410,태영건설,TAEYOUNG ENGINEERING & CONSTRUCTION,1618,319453137,516875175666,520937513166,00153861,41221,12,CFS,KRW,standard,63818016182.0,607581444685.0,34975507413.0,524267319131.0,0.0,191.0,0.0,False,,,0,False
058650,세아홀딩스,SEAH HOLDINGS CORP,127400,4055236,516637066400,516637066400,00377610,241,12,CFS,KRW,standard,64614677887.0,2220326715761.0,33257985951.0,2197926383845.0,4300.0,16587.0,25.4,True,20241121,20240913,4,False
019170,신풍제약,"SHINPOONG PHARMACEUTICAL CO.,LTD",9250,52418522,484871328500,512449864000,00137359,212,12,CFS,KRW,standard,8825117551.0,269974999795.0,-15387261008.0,256820523467.0,0.0,172.0,0.0,False,,,0,False
